0.1201,867.3353,0.7136,0.1513,26.6459,8.7063,3.8704,-2.9871,-2.1909,1.2378,1.9177,1.7830,7.1470,5.7404,4.1543,3.0099,2.5805,2.2892,3.8936,3.7620,0
0.0733,699.2958,0.7948,0.0959,37.5811,8.7536,-3.7694,2.3147,0.6448,0.9376,-0.2510,3.0161,9.4083,7.2136,8.2919,2.9261,2.5553,1.6245,3.4733,2.4039,0
0.0784,767.1165,0.7467,0.1366,28.5378,10.1511,3.6051,1.9837,3.2638,-0.3435,-1.2031,0.8053,10.5466,3.9185,6.3044,3.5843,3.2575,2.2668,3.2424,2.2077,0
0.1530,1121.1918,0.6322,0.2346,19.2505,9.6542,2.7899,-0.8910,0.6750,3.7699,-0.1340,0.5500,12.8920,6.0953,2.4426,6.3908,6.1003,6.0683,4.0124,3.3471,0
0.0930,814.1997,0.7076,0.1516,20.8754,9.4298,8.9281,1.5644,2.2511,1.1677,3.2451,-1.7644,4.4015,4.0149,2.2293,4.0762,5.5533,3.0285,4.3575,2.0767,0
0.1221,869.6400,0.6989,0.1539,23.7091,5.2563,3.6158,-2.1999,0.4252,1.8138,1.9739,-0.1954,6.6980,4.9665,6.4697,5.7647,2.9127,4.1885,2.6238,3.4478,0
0.0811,832.2431,0.7182,0.1648,24.7706,9.9805,5.6968,0.5866,0.1644,1.0242,-1.8336,-0.6291,15.5569,5.9246,6.1859,4.3531,3.4083,2.8240,2.6334,3.0824,0
0.1098,1122.0225,0.5892,0.2613,9.2072,6.2185,1.3170,1.4514,4.3597,0.6603,1.8846,-0.6420,10.1562,5.2014,4.7881,2.4678,3.6554,2.7130,3.2873,1.9174,0
0.0000,114.3873,0.9588,0.0243,13.7580,6.8364,3.2676,1.8120,1.7865,1.2635,-0.0427,0.2458,3.3072,1.5891,1.2158,1.1905,1.4441,1.6934,1.3693,1.1446,0
0.0000,428.8457,0.8378,0.0984,4.1445,3.5261,1.9096,1.3112,0.3335,-0.1185,0.1942,-0.0434,2.4898,2.1076,1.4732,1.4729,1.6415,1.4654,2.0454,1.4827,0
0.0649,942.5973,0.6465,0.2053,9.9575,3.6808,3.3766,0.6488,0.3230,2.1578,0.0519,-0.0405,9.6342,2.6917,3.2808,2.3467,3.3594,3.5487,2.2315,1.8957,0
0.1917,1314.6946,0.5584,0.3289,8.5507,17.2517,5.4350,1.4691,1.5722,2.8704,-3.1613,-1.4385,15.4034,10.9299,5.7309,3.6553,3.4275,5.7642,3.2726,3.1313,0
0.1471,1082.1760,0.5763,0.1749,20.2625,2.6519,7.9353,-0.7676,-6.4919,2.0011,-0.9496,0.9248,10.4892,10.3056,8.8824,6.0905,6.1209,2.8585,3.8208,5.9779,0
0.1401,1181.6841,0.5674,0.1937,18.3647,0.7678,-0.2696,0.2082,-5.1480,7.8332,2.1396,-0.1519,10.7975,8.4416,8.7532,6.3367,3.1628,5.9444,4.7147,5.0739,0
0.1108,1015.1329,0.6368,0.1844,18.8588,10.3692,9.8755,-2.1557,-6.2757,5.0907,-1.5389,-2.0590,8.1801,5.0140,3.8395,5.5237,5.3190,3.3804,2.6922,3.7090,0
0.0932,866.4043,0.7089,0.1346,29.0306,6.4805,-1.2971,3.6955,-3.7179,-1.1417,-2.2566,-0.0680,8.9744,7.2650,10.9090,3.4265,5.5684,3.8735,3.1264,3.2618,0
0.1584,1165.9205,0.5767,0.2055,16.8066,2.5203,4.3715,0.0333,-6.0741,6.7278,-0.1004,-2.5436,12.2323,9.1105,5.8968,4.0960,5.2124,6.0158,4.0113,3.2055,0
0.1275,911.8431,0.6829,0.1191,29.5594,0.1682,-3.5080,2.2894,-5.5033,3.3959,3.3698,-1.0888,6.8230,8.0221,12.4493,2.8975,6.3376,5.9736,3.4871,3.7554,0
0.1535,941.6324,0.6608,0.1635,21.9658,4.3481,8.1283,-6.5254,-2.1104,4.4788,-3.8321,-2.4551,6.5941,9.5256,4.3822,3.8266,4.4143,4.7092,3.5999,2.5730,0
0.1169,795.6481,0.7313,0.1287,29.4881,6.9866,8.6701,-4.6752,-4.9720,4.5382,-0.6787,2.0632,5.8300,4.0240,3.3045,4.9341,3.3361,4.2009,3.3711,3.3582,0
0.1191,911.5472,0.6895,0.1976,22.1036,13.1915,5.5340,-2.0938,4.5323,-3.3710,-0.5615,2.6955,4.4638,4.0528,2.6106,3.2094,3.8497,3.7119,1.9150,2.7824,0
0.1024,856.6166,0.6875,0.1624,20.5698,10.2879,10.4756,2.2255,0.2707,0.8738,0.4275,-0.1983,6.3173,5.4461,2.9906,2.8223,3.6470,3.6924,1.7770,2.0400,0
0.1251,1205.1401,0.5927,0.2654,18.1336,14.0652,4.9285,-0.9746,-2.5991,4.5428,-2.8027,3.1340,8.1495,15.8529,7.7323,5.6924,3.9175,3.1710,6.0443,3.0499,0
0.1239,1245.7257,0.5579,0.2803,16.0754,15.6091,9.9274,-7.3256,-7.7574,3.8758,-7.7925,3.7102,6.6466,8.2698,4.1314,7.9782,4.6289,5.1466,4.7583,3.2788,0
0.2876,1544.5946,0.4763,0.3920,5.6957,14.8218,7.1204,-5.3422,-1.9098,5.8422,-6.1051,2.8005,17.3346,9.5912,7.4694,6.4511,6.4902,3.5608,3.5621,2.0160,0
0.1150,1071.6600,0.6233,0.1820,24.6536,5.1354,2.3510,-0.0611,-10.6402,2.6452,-2.5422,3.9111,6.9637,5.2041,10.5448,6.0571,5.2827,5.1991,4.1705,3.3532,0
0.1174,981.3281,0.6833,0.1758,23.2131,10.0463,2.5548,1.4884,-7.7712,5.8820,0.4653,-0.4631,9.7248,7.1556,6.1090,4.9154,4.9847,4.1665,3.4641,2.6360,0
0.0966,923.2188,0.6789,0.1607,24.8466,8.0735,4.9050,1.6867,-4.8760,5.8564,-4.5665,2.4087,7.8065,6.8803,8.3620,6.9770,4.6144,4.9310,3.9836,2.8480,0
0.1134,847.3429,0.7073,0.1510,25.2160,6.3498,5.2552,-2.5055,1.1893,2.8644,1.8329,1.7110,5.6785,3.9416,3.0846,3.2419,2.5838,2.4943,2.9271,2.8718,0
0.0915,801.6519,0.7441,0.1449,26.3614,10.1600,3.0847,-5.8327,0.8546,3.2196,0.7129,1.7170,3.6277,3.7554,3.7749,5.7896,3.0872,3.8508,2.0141,2.3037,0
0.1079,864.0520,0.7072,0.1623,21.9057,9.7189,6.0958,-3.5464,-2.1170,3.2372,1.2192,2.9828,4.1345,5.0864,4.3756,3.2946,2.2056,4.0361,4.9120,3.4290,0
0.0958,811.0320,0.7074,0.1410,24.5263,7.1284,7.2096,0.9509,-0.2328,-1.1665,-1.1559,-0.9583,5.9205,3.9018,3.3466,5.7809,3.6824,4.0602,2.9258,2.1175,0
0.0837,811.9684,0.7438,0.1456,24.9241,10.2102,-0.1600,0.3751,0.0429,1.9582,1.0798,0.7216,8.9440,6.2169,10.1294,4.3323,3.2682,3.1728,4.0028,3.6044,0
0.2067,1416.0896,0.5119,0.3232,13.0259,16.2871,5.5412,-0.6245,-6.7589,3.1002,-2.2206,0.4390,13.8194,11.3296,6.9160,6.8467,7.1034,6.3242,2.9947,4.1448,0
0.1127,1027.3163,0.6481,0.1927,23.8576,10.8924,5.2239,-0.6633,-5.5059,1.4562,-5.0727,0.7430,11.8761,7.6617,9.9584,5.8567,7.4656,4.6249,3.8247,4.1483,0
0.2881,1606.4246,0.4437,0.3538,4.9043,8.7231,3.0613,1.6286,-6.2340,8.6336,-0.9325,-2.6695,15.5520,13.5922,7.0447,5.8033,8.9149,3.2295,4.5142,3.8916,0
0.1704,1275.2202,0.5424,0.2622,14.8291,9.6199,6.3092,-1.2465,-3.4337,6.7717,-2.1106,-1.0221,12.9979,12.4625,7.9062,3.9204,9.0498,5.7188,3.6722,3.8681,0
0.1222,1017.9401,0.6483,0.1670,24.2862,4.6647,-3.8684,3.6900,-3.1922,2.0595,0.2354,-2.9935,11.1152,8.8342,15.6691,5.0646,4.4251,5.4086,3.7747,2.5662,0
0.1550,964.5378,0.6383,0.1593,19.8859,4.1244,7.6249,-2.2345,-4.2075,3.3055,0.7654,0.4357,10.8998,5.1272,3.5154,4.5558,6.4319,4.8943,3.5116,2.6718,0
0.0765,708.9308,0.7460,0.1333,21.5587,6.3330,6.6292,-0.3643,2.6660,1.5905,-1.2858,-0.0145,3.9602,5.0185,3.4158,4.2150,2.2510,2.1210,2.5014,2.2978,0
0.1951,1105.0118,0.5710,0.2044,17.0127,-1.0209,3.1029,-1.9901,-1.1316,0.4317,-0.4720,0.5553,8.4839,8.4128,6.9373,6.0926,6.3659,2.4900,3.8518,2.7748,0
0.1786,1074.5333,0.5944,0.2055,17.0221,0.1153,5.5538,-5.8268,2.2342,4.4536,1.4476,1.5901,5.7246,7.3338,4.8808,6.6968,3.4866,2.4618,2.9489,3.0000,0
0.1623,1080.0505,0.5918,0.1945,17.5657,2.6445,6.6768,0.0726,-1.2837,4.0968,-2.3418,-0.4592,5.7939,6.7864,4.3622,3.4297,2.7220,5.4224,3.9686,4.0918,0
0.1264,953.5331,0.6503,0.1536,23.3399,3.3803,6.4888,-2.8923,-3.0392,5.2664,0.8804,1.6354,8.0208,5.0119,10.6103,4.7855,5.0568,5.6741,3.9536,3.4878,0
0.1157,959.3772,0.6434,0.1770,17.8657,4.3706,7.7355,-1.2929,0.3248,4.6839,-0.0505,-1.0302,11.6796,6.0070,4.3463,4.6251,3.9495,5.2890,2.2105,2.5070,0
0.1115,959.1806,0.6509,0.2031,19.3164,9.3032,10.0465,-5.6395,-1.7903,-0.0446,-0.8244,-0.5074,7.2120,9.0035,5.1975,3.3222,3.6243,3.5634,5.6542,3.3687,0
0.0614,671.5353,0.7544,0.1279,19.0939,4.3529,5.7031,0.8614,1.8161,0.9210,3.4601,0.7342,8.5263,4.3683,3.5118,2.6282,2.6085,2.2268,3.5198,2.6773,0
0.0790,756.8577,0.7135,0.1470,18.8698,5.2386,9.7806,0.5566,2.0648,1.9103,-0.5033,2.3398,8.3687,4.4810,3.2600,4.4885,3.3204,1.8239,3.0876,1.8707,0
0.1985,1132.2201,0.5490,0.2188,16.9062,1.4350,9.9643,-3.0166,-1.2129,4.4566,0.9934,3.4501,6.1092,11.4261,5.2913,7.6084,2.4465,3.6884,3.4700,3.3377,0
0.2414,1383.8015,0.4418,0.2783,7.9332,-0.1334,11.3377,-1.5898,-1.5934,4.9115,-1.5417,0.5314,8.4235,4.8132,4.1800,1.7072,3.9014,2.6975,4.2412,2.2406,0
0.1299,922.5051,0.6802,0.1913,21.7757,14.4770,11.2830,-4.1344,-0.3642,-1.1433,-2.1448,-1.4540,7.3514,4.4725,2.1030,5.7123,2.3133,3.2404,3.6188,3.1907,0
0.1293,858.6022,0.7005,0.1884,22.6404,13.1893,12.5511,-4.4100,1.9568,-0.2233,-3.6101,-0.4630,9.1098,2.9458,3.0138,5.4047,2.9900,2.6216,2.6011,2.3601,0
0.1542,1042.4639,0.6259,0.2132,17.7532,9.5127,10.6285,-5.2431,-2.1590,0.1327,-1.5522,-1.9737,9.8407,3.8608,4.1537,6.4535,4.9827,3.2018,2.8223,3.2589,0
0.1251,931.2070,0.6501,0.1461,23.5630,4.9466,12.0725,-5.4036,-5.0351,1.0846,-1.1842,-2.5655,6.0310,6.0094,4.1880,4.2968,4.8138,3.2941,4.5964,3.2266,0
0.1321,1036.0424,0.6105,0.1551,24.7086,1.0510,1.7990,-0.6945,-5.5118,2.0951,5.0631,0.2905,8.6565,8.3309,6.3068,6.7967,5.1449,5.5028,4.4575,3.4536,0
0.0886,884.9478,0.6985,0.1431,27.4680,6.2874,2.3752,-4.2499,-4.0967,0.0442,0.3428,-0.4463,11.1706,8.6151,10.0680,6.2881,4.8893,3.3665,3.3685,2.6289,0
0.1414,1072.8376,0.5996,0.1841,19.3424,1.5336,2.6768,-5.5919,-2.4229,3.1617,3.1712,-0.2486,10.3090,9.0838,7.7796,5.5993,5.9972,3.7314,5.5248,2.9470,0
0.1804,1137.8600,0.5734,0.2395,15.2449,4.1993,9.3236,-7.7940,-1.3635,4.4822,0.2588,-1.1142,12.3724,8.4059,5.4425,5.3588,4.6879,5.6793,5.2206,4.0192,0
0.0939,850.9318,0.6997,0.1365,26.4592,2.7471,0.4058,-2.0635,-0.3356,0.8300,2.3579,1.4824,9.7860,8.2935,8.6258,6.4205,2.5829,5.0965,5.0449,4.9150,0
0.0902,829.5971,0.7085,0.1468,23.2769,7.7360,4.0155,-1.4338,-0.8891,1.6656,1.9207,0.7223,7.1385,9.6889,6.8834,5.9774,3.2058,3.2973,4.7378,3.0587,0
0.2273,1206.3687,0.5132,0.2286,11.8319,-4.9370,5.2493,-3.0777,5.5479,1.1027,0.7291,-4.0406,6.3937,3.6959,3.9113,3.6673,2.7622,4.7015,2.7423,3.2418,0
0.1644,1101.6089,0.6161,0.2260,14.5759,12.3040,6.2670,-5.0470,1.3420,4.3774,-0.8801,-4.7353,5.0226,7.5255,5.7177,2.2268,2.4970,4.6940,1.9307,1.9112,0
0.1401,1043.1217,0.6077,0.2199,12.6160,8.9196,9.0940,0.4265,-0.4092,0.5685,1.3693,0.1288,4.6259,6.2303,4.0683,4.1102,3.3196,2.8486,2.7563,3.7233,0
0.1489,952.0267,0.6566,0.1587,22.4126,2.0866,4.9760,-3.8684,0.0212,0.9472,-1.3158,-0.8143,6.8144,6.7659,4.4193,4.4035,4.7255,3.9606,3.2298,4.4801,0
0.1493,1055.6403,0.6167,0.2135,21.6192,7.7739,7.1040,-8.7646,-3.6447,1.6883,-2.9656,2.0146,11.5345,9.1812,7.8089,5.0580,5.6947,3.0281,4.4834,4.6541,0
0.1566,1011.2062,0.6499,0.1696,24.8620,5.1781,0.4925,-2.3420,-2.1000,4.2708,0.7128,0.8892,12.2542,7.5586,15.0971,6.1410,3.9845,4.0874,4.8972,2.8252,0
0.0721,645.3510,0.7970,0.0854,34.9242,3.8999,-0.7480,-1.8476,0.8543,-0.2449,-0.5497,2.7966,9.1286,8.5907,7.1231,3.8782,4.4948,3.5722,2.8672,3.5307,0
0.1817,1168.0157,0.5816,0.2389,15.5409,6.0453,1.6797,-0.0616,-2.3010,-1.2590,-0.8796,2.8614,12.9733,5.4574,6.5245,5.0293,3.4204,7.0330,4.4750,2.0959,0
0.1116,943.9302,0.6647,0.2053,17.1170,8.1103,4.4355,-3.0359,4.4012,-1.4356,0.5511,-0.5168,6.1461,5.0531,4.5499,2.8594,4.3434,4.0228,3.0814,3.0017,0
0.1375,1016.3007,0.6523,0.2012,20.4035,9.2514,3.8349,-5.0215,-0.1914,1.3200,2.0108,-0.5949,13.3464,6.5204,4.6140,4.2708,3.6376,4.6470,3.3639,4.8596,0
0.0664,680.5955,0.7765,0.1200,26.0018,10.6015,8.9382,2.3177,4.4953,2.4767,0.2458,-1.6833,3.5347,2.8600,3.8858,2.5408,1.6899,1.8896,2.0440,1.9314,0
0.0488,613.8824,0.8020,0.1024,28.8930,10.2374,7.6126,3.7221,4.9827,1.9608,0.3525,-0.0906,2.1611,2.3582,1.4783,2.1451,1.7449,2.2087,1.5714,1.6137,0
0.0806,723.2180,0.7583,0.1351,25.9949,9.9734,7.6566,2.7477,5.7616,1.4509,0.0907,-0.0701,7.1518,2.3437,2.3599,2.2434,2.6199,2.2816,2.3329,1.7550,0
0.0687,705.5405,0.7634,0.1290,27.6495,7.5427,7.9368,-0.6725,6.6534,2.5286,0.6413,0.7838,3.8114,3.2962,3.0801,3.5481,2.3767,2.8833,2.9518,3.2806,0
0.0599,663.5880,0.7864,0.1138,29.0070,9.6275,5.6795,1.5593,3.3992,1.9437,1.3579,2.0510,4.1007,2.9726,2.3739,1.8739,2.3828,2.2337,2.1690,2.3868,0
0.0558,625.0963,0.7898,0.0979,29.8094,7.2019,8.3811,1.2861,3.3916,3.8487,1.8792,2.3302,3.1948,6.4795,2.5900,2.7491,1.8973,3.0442,1.8753,1.7802,0
0.1341,1018.8831,0.6379,0.2125,16.2814,8.2463,5.3444,0.5559,1.0896,5.6167,-0.5941,2.0899,6.1565,2.5766,2.4354,2.1768,2.5346,2.6446,1.7998,1.7004,0
0.0697,751.2498,0.7531,0.1471,26.0761,13.4491,8.4445,-2.3549,0.6971,0.4114,-2.1206,1.1925,6.1674,5.9889,3.7574,5.1754,3.1274,1.8988,4.8957,1.4527,0
0.1348,1043.4216,0.6487,0.1870,22.0968,7.6539,-0.2151,2.2095,-4.8461,0.9871,-0.4786,-1.1436,14.8877,4.7309,8.5268,4.3866,5.4858,5.4971,3.9779,3.7001,0
0.2947,1477.6030,0.4794,0.3310,8.3792,4.5074,5.0568,-1.8055,-3.2643,5.7994,0.2195,2.5465,15.3112,5.9901,4.6001,5.0385,2.9411,3.4526,5.8460,3.0602,0
0.1162,875.1184,0.6891,0.1764,22.3563,8.6225,9.4914,-2.8708,4.1508,3.7618,-2.1750,1.2457,4.9785,4.2472,4.1801,4.0191,3.5501,3.0632,3.4628,3.1955,0
0.1535,1078.1412,0.6116,0.2102,16.8511,2.6335,3.4287,-2.3981,4.0656,2.6373,0.4639,-0.9198,8.8958,5.0484,4.4668,3.2009,3.1672,2.9773,3.0657,4.6779,0
0.0900,811.5861,0.7142,0.1413,26.5568,6.1435,6.7644,-1.8046,0.4043,-0.9073,-1.4705,1.2455,7.0138,2.1320,5.3985,3.5696,2.2677,3.2570,2.6414,2.4991,0
0.1845,1062.5898,0.6078,0.1871,18.6636,0.2850,1.0995,-0.6359,-0.8727,5.2233,-0.3381,0.9814,12.1731,3.9717,4.7907,3.6265,3.9291,3.5296,2.5706,2.4413,0
0.3122,1531.2682,0.4800,0.3929,6.4951,12.6310,2.4512,-4.4099,-0.5436,0.4079,-1.1379,1.2685,24.7225,8.9269,7.5015,7.8212,5.6974,2.4387,3.1516,3.0192,0
0.2258,1268.8999,0.5527,0.2794,17.3955,5.2676,-0.2668,-5.8019,0.8767,0.8993,-3.7951,1.8422,13.6375,8.3043,6.5291,11.0338,3.3405,6.7534,3.0925,3.2418,0
0.1368,1007.3412,0.6422,0.1737,23.0864,-0.2649,3.7879,-5.7982,-5.7100,2.4942,-1.1794,0.7847,7.9499,7.5201,7.5657,8.0934,6.0668,2.7004,4.0186,2.3588,0
0.1662,1067.1981,0.6351,0.1926,22.5462,3.2182,-1.2067,-2.8275,-2.5837,3.2980,-2.7447,2.7256,11.9079,8.0232,7.0610,5.1858,3.3132,4.5898,5.8243,3.6913,0
0.1222,936.7107,0.6692,0.1499,24.8170,1.3476,3.7825,-1.9615,-4.1256,2.4934,1.1277,-0.6902,12.2125,8.4697,6.5468,3.1263,5.1273,3.3373,3.8111,3.8544,0
0.0859,928.5848,0.6791,0.1706,24.5241,5.8924,5.5956,-10.0014,-4.5044,1.8022,-2.8127,2.8450,7.1940,4.2431,4.5955,7.7238,3.5658,2.8264,3.4465,2.9062,0
0.0817,700.5349,0.7699,0.1188,28.4561,6.0110,3.1000,-1.8518,2.6656,0.8156,4.0481,3.2224,4.0477,4.0230,3.1388,4.2496,2.9822,3.1292,1.8236,2.3469,0
0.0959,818.6995,0.7046,0.1585,19.2995,5.3896,5.0777,-0.4654,0.5249,0.5773,2.6351,2.0872,8.5708,3.1396,1.7742,3.6153,2.6284,2.7738,3.3372,2.5217,0
0.0938,835.0952,0.6876,0.1530,21.3246,2.2892,2.3491,0.7329,3.4362,-1.4072,2.5816,1.5931,9.3967,6.8330,5.3913,3.5823,3.5638,4.3753,2.7695,2.2937,0
0.2190,1273.6244,0.5449,0.3117,10.9374,9.6433,4.7178,-1.4527,3.2001,-0.4869,0.3898,-0.2400,20.0131,9.7193,5.0299,4.5920,3.7075,2.8208,2.7048,2.0327,0
0.0931,897.0891,0.6804,0.1998,16.6789,12.3042,8.6327,-6.2074,0.8076,-3.7952,-2.0669,-0.5469,5.0372,8.3422,5.2897,3.1261,3.5699,3.9207,4.4524,2.8099,0
0.0946,1025.5870,0.6476,0.2113,20.0466,9.5448,-2.6137,-2.7436,2.9013,-4.3976,2.7801,-1.3402,11.6361,6.3232,9.2217,5.0659,4.2292,4.5836,3.1495,4.8427,0
0.1290,1055.1240,0.6242,0.2705,11.5152,14.4548,6.7359,-8.0529,2.5425,-3.1934,-0.7082,-0.8212,6.7149,8.5703,3.7242,8.8598,2.7177,4.3223,3.1760,2.2099,0
0.2655,1481.5087,0.5063,0.3830,10.4511,13.0250,-6.2996,-5.3682,8.1147,-6.7927,0.2892,-1.4249,17.5892,8.7569,13.4812,4.5947,4.2892,3.1335,5.3716,2.2095,0
0.1759,1227.7742,0.5330,0.2603,12.2788,-2.5512,-1.8709,-5.3983,4.2343,-0.2911,5.8272,2.8038,5.7419,6.1348,10.7296,6.1097,6.2402,5.2394,4.1773,3.3529,0
0.0000,164.4772,0.9401,0.0362,10.5314,6.5534,2.2487,1.7340,1.0419,1.6533,0.7046,0.4979,3.5119,1.4858,1.5855,1.4833,1.6333,1.3926,1.3492,1.7718,0
0.1092,882.8806,0.7123,0.1841,22.5939,13.3631,3.5990,-0.6794,2.8968,-0.0511,0.0359,1.1094,4.0635,4.8311,3.8383,2.6708,3.1588,3.0943,3.4840,2.3898,0
0.1820,1185.4194,0.5583,0.2943,11.0600,10.7104,9.4268,-3.9364,3.4197,1.2664,-1.4842,2.7592,8.4674,4.1001,3.2371,3.7390,2.5549,2.1912,2.6707,2.6347,0
0.1302,995.1541,0.6235,0.1895,23.1580,6.2086,15.3289,-6.8665,-2.8934,-1.4365,-1.5616,0.3162,9.1480,8.7268,9.6196,5.6209,6.5812,3.5186,3.0871,3.2390,0
0.1830,1112.1522,0.5751,0.2346,18.1644,4.9411,12.8110,-6.2554,1.7291,-2.6950,0.6085,-1.5269,14.9244,6.6409,5.1972,5.3024,4.3043,3.8336,2.6218,2.1544,0
0.0880,748.6778,0.7611,0.1192,32.7495,7.3558,3.8543,-3.0522,3.2137,-1.3769,0.0465,2.3498,6.8592,4.4795,6.4181,4.2137,4.3966,5.1689,3.0040,3.3340,0
0.2337,1388.3677,0.4666,0.3488,7.6638,9.4732,15.6568,-8.0522,-1.5665,-2.4759,-1.8781,-0.2450,14.4487,6.8734,7.2648,5.4340,4.7405,3.1203,3.7762,2.6122,0
0.1752,1303.5121,0.5280,0.3105,11.8391,13.0549,7.9995,-0.1570,2.1908,-3.1405,-2.3176,-0.0731,14.2223,12.8781,6.8894,6.3759,3.9444,4.3637,4.6062,2.6766,0
0.2354,1386.2842,0.4639,0.3283,6.8573,6.2928,7.7481,-4.5828,0.7067,-2.3225,-0.2028,0.4761,11.3611,8.9856,5.5521,5.5414,5.6770,2.5240,2.6390,2.3308,0
0.1598,1154.1283,0.5749,0.2522,18.1409,11.0899,8.5331,-6.1386,0.1633,-3.3837,-2.5674,0.5323,10.1759,6.7435,12.0455,5.5289,4.6035,4.2309,4.9177,4.0338,0
0.1539,1031.0676,0.6214,0.2013,21.3436,4.6963,5.5486,-0.1722,0.4166,-5.6461,-0.6518,2.5918,13.5246,5.3576,7.1540,5.2920,4.4665,5.0595,4.2675,4.8418,0
0.0905,730.1182,0.7573,0.1280,28.3904,8.3853,5.6450,-3.7995,0.9335,-2.4930,2.2764,4.0205,4.0434,4.5611,3.7241,3.3929,2.5370,2.0468,1.8292,3.0940,0
0.1429,1056.4559,0.6188,0.2478,14.1457,8.9665,5.7766,-3.0738,3.9416,0.3458,1.4805,3.1338,10.4685,6.8731,2.3392,3.1580,3.0848,3.1463,2.7725,2.7632,0
0.1871,1159.2235,0.5908,0.2520,18.9468,9.3715,4.4699,-2.5952,0.7966,-4.8957,0.0386,-0.6120,17.3826,6.0193,7.9092,4.6461,5.6083,4.5456,3.5318,2.7587,0
0.1573,1061.3198,0.6706,0.2075,24.0088,11.3369,-6.2852,-1.2788,-0.1794,-1.7992,-0.2644,-2.4668,14.7872,9.1739,12.8081,3.2542,3.3959,2.0616,3.7785,3.6179,0
0.1854,1289.7162,0.5566,0.3412,11.2066,20.4147,6.2750,-5.9672,5.1060,-3.5235,-1.5915,0.8581,15.0367,9.2955,4.7851,4.8838,4.5812,2.9680,4.0268,2.4660,0
0.1678,1172.1272,0.6020,0.2731,17.8409,13.2128,0.2808,-3.6621,2.2247,-6.5478,-0.2516,-0.5247,14.6112,10.9424,8.9701,4.2741,5.0117,3.9600,4.9206,4.3777,0
0.1232,1074.1127,0.6431,0.2602,17.3641,18.0829,4.6167,-3.6809,3.3445,-2.7064,2.6128,0.9017,10.2154,7.4038,3.4497,3.5857,4.2285,3.1593,2.8085,2.4110,0
0.1379,1085.6455,0.6237,0.2363,18.4340,11.9630,2.9153,-2.5674,2.1656,-2.9562,0.1003,1.9116,13.7863,9.5384,9.1256,3.7457,3.7215,4.2830,4.7232,3.5683,0
0.1002,856.4639,0.7114,0.1499,26.8811,10.2214,4.7257,-1.1528,-2.6526,-1.8333,1.2499,0.4027,9.1683,2.9304,6.5627,4.6435,3.8746,2.4259,3.8822,2.9856,0
0.0759,694.2748,0.7767,0.1168,29.0397,10.3982,5.2461,0.4673,-0.2780,-2.2862,1.8375,1.1678,2.6998,2.7920,3.7965,2.9081,2.4898,2.4540,1.9080,2.3076,0
0.1129,846.2755,0.6982,0.1461,24.9488,5.0678,6.4186,-0.0506,0.6225,-1.4504,3.2235,-0.5610,4.3933,3.8721,3.0506,2.9590,5.0505,3.0030,3.1221,3.0671,0
0.1928,1206.0924,0.5700,0.3154,7.3063,12.4768,4.3403,-3.9682,5.4605,0.7065,1.5278,1.9283,8.6809,5.1935,3.6790,3.2276,2.7717,3.6015,1.8433,2.7370,0
0.1474,1157.1171,0.5872,0.2386,19.9590,7.1655,-0.2891,-1.5286,1.7161,-5.4420,-1.2974,2.0815,10.5400,11.1166,10.8738,4.9825,3.1436,4.2377,4.4518,4.0441,0
0.1815,1128.9575,0.6191,0.2409,21.3901,12.1978,0.4789,3.0266,1.1204,-5.0609,-2.7350,2.6103,17.8545,6.8172,5.6361,3.8858,3.7033,6.6751,3.9947,4.1731,0
0.1861,1106.4337,0.6053,0.2637,19.9235,10.7137,4.1477,-4.5577,3.9774,-3.6175,-3.7345,1.6818,16.6526,6.6979,7.9254,3.5331,4.2922,5.1410,4.1419,4.6411,0
0.1762,1118.4698,0.6163,0.2365,18.8717,7.5956,1.2086,-0.4976,3.0791,-2.8487,1.3014,2.7694,13.9633,6.6803,7.8031,4.1933,4.2939,4.8385,5.0736,3.4807,0
0.2056,1303.4227,0.5321,0.3378,8.3712,15.8406,10.1216,-3.6534,2.0944,-1.1154,-2.0491,1.2180,11.6456,4.1616,3.9674,5.3626,3.6671,3.6369,4.9985,3.7222,0
0.1812,1202.5737,0.5646,0.2852,12.4745,11.1220,7.7105,-4.7641,-0.1476,-1.5174,0.6206,1.7960,12.7372,8.4016,4.5511,3.5607,3.8964,3.1048,3.9700,1.9217,0
0.0756,707.7142,0.7598,0.1122,27.6609,8.0388,7.0973,0.5192,-0.8259,2.2641,2.7648,0.2121,3.4111,5.7049,2.6305,3.2444,2.5431,3.1569,2.1478,2.1671,0
0.0811,779.3787,0.7252,0.1449,23.1981,7.5359,6.7458,0.0990,4.2420,2.4420,0.2305,2.3657,4.0573,2.7503,4.1570,3.3544,3.2168,1.9706,1.8501,2.1063,0
0.1370,921.5092,0.6817,0.1674,23.8690,4.4161,2.3664,1.2318,1.9912,1.8460,0.3074,-0.0217,11.7025,7.7182,5.1553,3.2833,3.9963,4.1234,1.8808,1.8518,1
0.1206,874.5543,0.6965,0.1525,24.7025,7.6347,5.4177,1.9107,-1.0617,0.9145,0.2969,-0.4585,9.9359,8.0553,5.2778,4.7688,3.1883,4.2730,2.4952,2.0385,1
0.0615,552.2933,0.8603,0.0583,47.1977,9.1238,-6.9993,2.2937,1.7314,-0.2534,0.4572,2.8133,8.3148,3.8697,8.8626,2.6211,2.9513,1.8589,2.1931,2.2417,1
0.0493,562.0997,0.8197,0.0879,31.2691,8.3789,4.0786,3.3058,1.4498,0.9219,1.0945,0.0333,10.2340,5.6894,3.7681,3.4726,2.2682,2.0026,2.5721,3.6308,1
0.1231,865.9888,0.7260,0.1572,27.7346,9.4020,3.0435,-0.4161,-0.9876,-0.0117,-1.3573,0.6990,10.2527,6.5027,4.5797,4.0689,4.8197,4.8449,4.0204,2.5595,1
0.1540,979.4561,0.6905,0.1934,25.2886,10.7126,4.9158,0.7003,0.0597,4.4457,-1.3519,1.8156,14.3801,5.5873,6.3922,5.4927,5.2785,3.8219,2.3995,1.7776,1
0.1753,1030.7623,0.6967,0.2241,25.0639,19.2933,1.6196,1.7666,-1.2330,1.0127,-2.1440,2.3667,15.0306,10.9901,5.9588,4.1726,5.9430,4.9352,3.2665,3.3346,1
0.0974,883.1710,0.7219,0.1987,23.9269,18.0607,2.5104,-5.7700,2.7625,-2.2184,-0.5841,0.9720,7.4834,8.2834,4.9084,5.8646,5.1062,4.1690,4.0188,3.3766,1
0.0909,668.9329,0.7851,0.1046,30.3900,8.6606,6.0047,-2.2722,-2.3050,-2.3490,-1.8398,-1.5403,3.9924,3.4993,4.4086,2.9928,2.0721,2.9574,1.7974,2.7141,1
0.1433,921.9985,0.6790,0.1610,24.9285,3.9688,1.5015,-2.9064,0.0347,-3.4763,-2.3559,1.4519,6.5341,5.1281,9.2266,4.9335,3.2401,5.4351,4.4774,3.7800,1
0.1282,822.7821,0.7252,0.1373,27.5132,6.9643,4.0208,-2.6116,-0.5734,-1.9833,2.7085,-1.3381,5.7713,3.2891,5.4066,3.0964,3.1704,3.1638,2.8347,3.1759,1
0.2542,1258.5753,0.5336,0.2799,10.2421,8.7024,6.2578,-4.0780,-2.0797,-1.8504,0.9884,-0.1596,2.8228,5.1269,2.1123,4.1493,2.7748,3.2995,2.9958,2.6778,1
0.2235,1205.7124,0.6013,0.2922,17.8618,13.3291,1.7702,-4.0927,-0.5900,-0.3456,0.6840,1.0159,24.2327,9.3625,6.6053,6.5444,4.6041,4.1718,4.8348,2.4864,1
0.0868,803.7751,0.7686,0.1512,31.7660,18.1576,1.7201,-2.8530,1.9329,-0.2645,1.1855,1.3304,9.9662,9.3441,7.0585,5.5059,5.1557,3.9443,2.7604,2.5224,1
0.2495,1291.0530,0.5841,0.2599,18.9181,9.4663,2.2259,0.0856,-4.7421,5.9397,0.7588,-0.0090,11.9112,8.6238,4.8168,4.9246,4.1035,3.4732,3.6539,3.9879,1
0.0895,826.9935,0.7156,0.1325,26.6901,8.6513,8.1137,-1.9256,-3.9326,2.0667,3.6428,0.6303,6.3106,9.1520,2.8680,4.3087,4.0308,4.3270,3.1584,2.5807,1
0.1821,1129.7948,0.6347,0.2559,19.7565,15.5476,4.8285,-0.3018,-1.3514,0.3585,-0.4190,2.6971,14.8231,6.9126,6.2279,3.9704,4.7985,4.4700,2.2510,2.6272,1
0.1686,1021.2076,0.6767,0.2447,22.3581,17.8955,4.3200,-3.0479,1.8108,-0.1897,0.2340,2.2146,20.4308,4.5078,4.7439,3.9835,2.1169,2.4311,3.3825,1.8499,1
0.1683,972.4931,0.7082,0.1825,29.9217,12.2119,1.2645,1.3762,-4.2506,0.9411,-1.5819,1.5128,15.8465,6.3114,6.3601,4.1991,5.9042,4.6194,3.7406,3.0039,1
0.0673,604.9291,0.8158,0.0777,38.7607,6.1487,3.9882,-2.9048,-1.3487,2.8577,-0.5151,-0.9306,13.2195,7.4635,11.5515,3.5335,5.6363,2.8347,3.1784,2.9742,1
0.1237,847.5667,0.6997,0.1591,24.4814,9.2568,8.9037,2.2713,-0.8099,-1.4476,0.4138,2.3154,7.3769,4.5309,3.2440,2.7589,1.9362,4.2159,1.8496,2.7414,0
0.1646,1061.8439,0.6242,0.2073,19.2342,3.2007,3.7832,-8.7080,-4.5755,0.0822,-3.8797,1.7184,10.0328,4.9804,4.5464,8.0504,3.8822,4.6682,3.5001,2.4013,0
0.1696,1110.2709,0.6182,0.2212,18.9287,4.8883,-2.1301,-4.6864,-0.7035,-4.2117,-1.3318,-3.5338,12.9866,10.6134,6.1171,5.3334,3.5749,4.5011,4.6190,5.0083,0
0.1341,1021.6567,0.6620,0.2043,19.7425,5.9523,4.2308,-12.4072,-2.9324,2.1069,-3.0644,1.2555,10.1056,6.2608,7.0507,8.7807,4.6212,4.1529,2.2490,4.4500,0
0.1365,997.2854,0.6710,0.1903,24.5122,7.1797,2.3509,-7.4058,1.2310,-3.2534,-0.6632,-4.4765,11.1896,10.4200,3.7739,7.4706,5.0199,7.0213,3.5536,4.3679,0
0.1636,1155.3727,0.5772,0.2416,17.4339,4.9470,4.2885,-5.2616,0.5906,0.0832,-2.5558,-2.4788,8.4885,10.8401,5.1557,9.0101,3.8264,3.6373,4.0491,5.5099,0
0.1593,1038.4827,0.6540,0.1658,24.4450,1.6883,-3.3381,-5.3502,0.5269,0.7069,0.1006,-5.2347,11.8075,10.5929,6.2190,5.0721,5.1454,7.3846,3.7071,3.0944,0
0.1109,813.7084,0.7491,0.1107,35.1034,5.2340,-3.6508,-2.4968,-3.2087,-4.6323,-3.0779,-1.6864,11.3326,7.5109,13.0503,5.3737,4.1014,5.1905,2.6659,2.7761,0
0.1333,998.3015,0.6347,0.1564,22.6960,0.6616,-0.8184,0.4626,-2.8942,-0.0107,-0.5729,-1.0795,13.0444,11.5433,10.0804,4.9727,4.1354,6.1126,4.1046,3.7816,0
0.1357,983.0706,0.6567,0.2038,19.7300,8.3306,5.6827,-2.2412,2.3412,1.7417,-0.8304,1.4787,9.6873,7.0672,4.7199,5.7495,2.9159,4.5689,2.8340,3.6671,0
0.3077,1490.2145,0.4395,0.3414,4.4084,2.3198,0.9214,0.6416,0.5430,0.0951,-0.7092,-0.2092,4.9689,2.0593,2.3488,2.1427,2.4552,1.7364,2.1851,1.6186,0
0.3047,1541.6298,0.4169,0.3539,3.0902,2.5031,0.7026,0.8365,0.1606,-0.0668,-0.3271,0.4371,2.0779,2.1641,1.8830,1.7172,2.2150,1.8800,2.1803,2.2150,0
0.3346,1543.3666,0.4163,0.3532,3.5012,2.4547,0.9425,1.0695,0.1839,-0.0968,0.0020,-0.0008,2.9544,1.5850,1.8467,2.2759,1.6482,1.8809,2.0462,1.5827,0
0.3037,1518.1941,0.4269,0.3494,3.1028,3.1194,1.7942,0.5961,0.5894,1.3068,0.4748,0.1565,1.7146,1.7541,2.2866,1.5116,1.9583,1.5974,1.6062,1.2673,0
0.3154,1534.7260,0.4194,0.3530,2.3382,2.4976,1.1546,1.4855,0.6360,0.9577,0.8367,-0.4441,2.0104,1.7315,2.1650,1.7092,1.8651,2.0161,1.4651,1.5330,0
0.2965,1520.3619,0.4199,0.3520,2.5919,2.8153,1.9245,1.1359,0.3144,0.1129,0.2603,0.3565,1.7100,1.9343,1.6942,1.8382,1.8094,2.2952,1.7347,1.8225,0
0.3002,1510.5189,0.4338,0.3499,4.0430,3.1700,0.9517,1.1114,1.0397,1.0034,0.7481,0.7910,2.4846,1.7757,2.3635,1.7046,2.0981,1.7608,1.4239,1.6926,0
0.2903,1522.0315,0.4250,0.3486,3.1382,3.1867,1.5187,0.6318,-0.2032,0.4833,0.5886,-0.3521,1.6824,1.8803,2.1260,2.1089,2.0091,2.4869,1.4548,1.6180,0
0.2960,1538.9938,0.4195,0.3591,2.0285,2.6573,0.5738,0.4605,-0.1077,-0.4082,-0.4867,-0.0201,1.7842,2.0655,1.5341,2.0450,1.4874,2.0147,1.4859,1.7190,0
0.2999,1509.4966,0.4323,0.3490,3.1027,3.2158,0.9190,-0.0296,0.0346,0.0568,0.3353,-0.1340,2.2283,2.1001,1.9647,1.8400,1.9545,2.3603,1.7801,1.9349,0
0.3201,1540.1766,0.4239,0.3583,2.6945,2.6795,0.4483,-0.2326,-0.0908,0.4361,-0.2046,0.5594,1.8904,2.0370,1.4971,1.5373,2.0318,2.2644,1.6087,1.6974,0
0.3207,1526.6823,0.4249,0.3525,3.1588,2.5887,1.2107,0.5561,0.3926,0.6878,-0.0290,0.1505,1.7148,2.0322,2.1839,1.6462,1.8481,2.3135,1.2933,1.8977,0
0.2959,1550.7020,0.4165,0.3640,1.7641,2.2497,0.3633,0.8979,1.1777,0.4914,0.2390,0.2532,2.2579,2.0633,2.4011,1.7204,1.5880,1.6430,1.7866,2.0171,0
0.3175,1523.1448,0.4238,0.3515,3.2442,2.4870,1.1799,0.5416,0.5362,0.0325,0.0807,0.4103,2.0885,1.6046,2.1065,2.2819,2.0833,1.8129,1.7426,1.7302,0
0.2976,1520.9585,0.4240,0.3493,3.1201,2.9576,1.5903,1.7360,0.7452,0.4034,0.0993,-0.1651,2.1379,2.5138,1.9178,1.7668,1.9997,1.8450,2.3032,1.6537,0
0.3163,1542.9568,0.4178,0.3601,2.6312,3.2892,1.2614,0.6305,-0.1861,-0.4340,-0.4351,-0.0253,2.1871,1.8859,1.5167,2.2210,2.2491,2.2255,1.4839,1.5657,0
0.2957,1515.4489,0.4256,0.3540,3.1509,3.8131,2.4466,1.4306,0.7789,-0.2556,0.2577,0.4662,2.5767,1.6994,1.9551,1.8739,1.7984,1.7458,1.5727,2.1672,0
0.3066,1540.4869,0.4149,0.3612,2.0048,2.0105,0.8401,-0.2763,0.6140,0.4236,0.7558,1.0557,2.0958,1.6202,2.1918,2.0342,1.5186,2.1280,1.2934,1.6750,0
0.3214,1537.0890,0.4220,0.3564,2.5971,2.5957,0.5645,0.2600,-0.1138,-0.3027,0.0955,0.3569,1.8393,1.8498,1.7045,1.6981,1.9855,2.1478,1.9723,2.4470,0
0.3047,1529.3612,0.4245,0.3526,3.1973,3.4116,1.3551,0.5972,0.0324,0.2354,0.2192,-0.1464,1.9710,1.9961,2.2322,1.6563,2.0519,2.8458,2.3514,1.7282,0
0.0882,774.3500,0.7529,0.1369,28.3348,11.0840,4.7342,-1.8025,0.8482,-1.8778,-2.4889,0.0110,4.6591,3.0763,3.1376,3.2559,2.2483,2.4511,3.4281,2.5763,0
0.0898,744.4319,0.7714,0.1206,30.1069,8.4388,-0.9750,-2.2536,-0.9667,-3.7536,1.3298,1.8141,5.9947,2.8843,3.0950,3.0804,3.4936,3.2744,3.9323,1.9971,0
0.0000,133.2993,0.9509,0.0288,11.2799,6.1543,3.2415,2.3296,0.8495,0.6291,1.1191,1.2811,3.9741,1.6061,1.2828,1.7646,1.9678,1.2040,1.5563,1.4147,0
0.0000,504.9543,0.8121,0.1170,4.3427,4.1891,1.6978,1.4266,0.9067,0.8273,0.8766,0.7964,1.9052,1.6174,1.5232,1.8996,1.8965,1.9492,1.7607,1.6688,0
0.0580,1147.9493,0.5668,0.2651,2.9849,2.7996,0.7450,0.2967,0.3475,0.0222,0.1030,0.2849,1.9774,1.8091,1.7167,1.8444,2.2435,1.6700,1.5404,1.5818,0
0.2695,1463.4993,0.4459,0.3384,2.2795,2.7792,0.7925,0.0756,-0.4040,-0.1099,-0.0859,-0.2194,2.2448,2.1242,2.4631,1.6078,2.0775,1.7902,1.9128,1.7449,0
0.2887,1519.5560,0.4219,0.3541,2.8022,3.1212,1.9667,0.5905,0.4367,0.3407,0.3878,0.0908,2.0359,1.8757,2.1847,2.5325,2.0253,1.6527,1.8210,1.9053,0
0.3027,1532.7396,0.4203,0.3566,2.7769,3.1838,1.7289,1.3747,1.0342,0.3247,0.2876,0.1542,2.5500,1.8204,1.7255,1.9270,1.8246,1.9420,1.3241,1.4624,0
0.3102,1552.6068,0.4171,0.3607,2.0611,2.9734,1.1290,1.1666,0.3943,0.6807,-0.1596,-1.3181,2.1779,1.8904,1.6292,1.4509,1.8178,2.0986,1.8018,1.5756,0
0.2904,1520.5818,0.4193,0.3509,2.6381,2.5175,1.9763,2.3126,0.6523,0.2399,0.0436,0.2760,2.1927,1.8033,2.2837,2.7371,2.0279,2.3928,2.2232,1.2961,0
0.1190,834.7146,0.7418,0.1598,28.2279,14.3790,2.4154,-2.6974,-2.2875,-3.1738,-2.1351,1.5842,9.6466,3.1717,2.4731,2.3567,2.0264,3.0524,3.0802,2.6207,0
0.1280,905.2075,0.7044,0.1749,24.3761,10.3920,1.4298,0.0254,-1.2651,1.1131,1.2568,2.7337,9.1054,2.8853,2.2215,1.6443,2.8059,2.5396,1.8881,1.5528,0
0.1385,896.7939,0.7227,0.1560,26.5510,7.0372,-8.2963,-1.9890,4.3225,1.2447,2.4224,3.3958,6.9856,4.4039,6.6473,2.5477,2.8516,3.4858,2.7529,2.1926,0
0.0766,761.2376,0.7629,0.1374,28.4316,11.2978,0.5915,1.1486,1.3021,-0.0101,0.5045,3.5265,6.2785,4.0424,3.4049,1.9337,1.7796,2.6628,2.3290,2.2002,0
0.0553,593.9569,0.8061,0.1052,22.9609,7.9849,2.7867,-0.3704,0.7018,-0.9159,-0.5012,-0.4121,8.3530,4.9876,2.5683,3.4799,4.8698,4.4718,2.7427,2.7182,0
0.0000,182.6413,0.9324,0.0413,8.8336,5.9172,2.4496,1.9260,1.6557,0.3628,0.4714,0.7334,4.0572,1.9055,1.8234,1.8392,1.9658,1.1462,1.7895,1.8612,0
0.0000,648.2488,0.7560,0.1482,3.3437,2.4209,1.1422,0.6368,-0.1413,-0.2812,0.4171,-0.5003,1.8683,1.7053,1.9941,1.7577,2.1913,1.4837,1.8614,1.8760,0
0.1114,1244.2560,0.5308,0.2888,3.1860,2.6905,0.9200,0.3661,0.3722,-0.0233,0.7066,0.6981,2.0370,2.0556,1.6130,1.9254,1.7619,1.9053,1.9190,2.4361,0
0.2937,1514.3051,0.4286,0.3519,2.7743,2.9250,1.0129,0.6555,0.4107,0.6298,-0.0217,0.4141,2.0711,1.9433,1.4022,1.8589,1.8220,1.6007,1.9709,1.6149,0
0.3114,1535.1455,0.4211,0.3593,3.0824,3.0712,0.9568,-0.0990,0.2428,-0.9603,-1.2331,0.2307,1.7876,1.6314,1.4458,1.6782,2.1863,1.6845,2.0244,1.6552,0
0.3158,1543.5516,0.4148,0.3557,2.0292,2.3126,1.1771,0.7882,-0.0017,0.9500,0.9215,0.4282,2.0951,2.0980,1.7694,1.8896,2.3517,1.8297,2.0961,1.9912,0
0.3005,1521.4241,0.4320,0.3563,3.6518,3.7934,1.1413,-0.2503,0.3642,0.0089,0.0003,0.2413,1.7512,1.8716,1.7042,1.5082,1.7729,1.9216,1.8268,1.4463,0
0.3151,1558.0278,0.4069,0.3580,1.6234,1.6951,0.8557,0.7697,-0.1172,-0.7018,-0.9657,-0.7630,2.1108,2.1379,1.8204,1.8811,2.1471,2.0378,2.2553,1.9602,0
0.3170,1532.7908,0.4204,0.3598,2.6871,3.0091,1.4367,0.7303,0.7379,-0.5810,0.3429,0.5936,1.9806,1.9091,1.8863,1.4815,1.8095,2.0558,1.5862,1.4330,0
0.3135,1533.7515,0.4211,0.3612,2.8269,3.3528,1.1281,0.1993,0.2826,-0.4956,-0.1528,0.2876,2.0388,2.3121,2.0810,1.6540,1.6846,1.7283,1.5178,1.5590,0
0.3153,1564.3000,0.4110,0.3692,2.0209,3.3620,1.3619,0.1095,0.5170,0.3167,0.6895,0.3345,2.2155,1.9860,2.0491,2.3038,2.4294,2.1020,1.3845,1.8655,0
0.3197,1534.0959,0.4213,0.3618,2.8588,3.4406,1.4624,0.0364,0.7848,-0.3709,-0.1939,-0.6001,1.8168,1.5855,2.0462,1.4442,1.9022,1.9058,1.7058,1.8680,0
0.3085,1535.7935,0.4155,0.3594,2.0956,2.9551,1.8682,0.3048,-0.0337,-0.3584,-0.4008,0.0406,2.1240,2.1823,1.9201,1.7032,1.5909,1.8234,2.1418,2.2214,0
0.2995,1533.9321,0.4152,0.3598,2.4578,3.1416,2.7461,1.2558,1.1460,0.1078,-0.5786,0.1094,1.8842,1.9237,1.9853,2.5435,2.7886,1.8220,2.0298,1.3170,0
0.3126,1533.1957,0.4281,0.3589,3.0209,3.7278,0.5142,0.5435,0.7386,-0.0832,-0.0721,0.0263,2.0597,2.0608,1.4777,1.9963,2.1113,1.6786,1.9080,1.5955,0
0.3000,1542.9956,0.4184,0.3618,2.6457,3.4885,1.6527,0.3729,0.2818,0.5004,0.1755,0.7553,3.0410,2.6163,2.3036,1.8299,1.8543,2.4383,2.4589,1.5308,1
0.3199,1533.4933,0.4216,0.3517,3.3049,3.1244,2.0372,0.7265,0.2739,1.1553,0.0371,0.0323,2.0391,2.1496,2.0576,1.5493,1.9395,1.9431,1.2447,1.2873,1
0.3202,1540.6030,0.4169,0.3505,2.8730,2.0431,0.7111,1.2324,0.8377,1.1860,0.5496,0.2198,2.3046,1.9853,1.9075,2.0365,1.9220,2.0151,2.1453,1.9237,1
0.1885,1052.3978,0.6082,0.2367,7.9983,3.4798,0.4905,1.0030,1.5831,0.4920,0.6461,0.6869,8.3632,4.6649,2.8163,2.7476,2.8580,2.0036,2.3073,1.7891,1
0.0000,214.2144,0.9214,0.0488,8.4893,5.7922,2.3032,1.5002,1.9971,1.1432,1.2610,1.5256,3.4648,2.0849,2.2209,1.1437,2.0381,1.7412,1.8114,1.6166,1
0.0008,753.6708,0.7153,0.1754,3.2768,3.1394,1.7535,0.8575,0.7159,0.2956,0.4177,0.4634,1.4197,1.7440,1.6573,2.0968,2.2498,1.7219,1.7745,1.7021,1
0.1788,1312.0054,0.5069,0.3009,2.7687,2.5657,0.7945,0.8195,-0.0844,0.3372,0.5153,0.5190,1.6710,2.6905,2.3697,1.9418,1.7164,1.8330,1.8525,2.1324,1
0.1191,1053.9978,0.6351,0.2664,14.1501,20.2597,7.4277,1.4645,3.4480,-4.5370,-0.3203,-0.8105,9.5395,16.1752,3.4475,5.3953,4.1164,4.8047,2.9517,2.4144,1
0.0909,800.6459,0.6968,0.1422,19.7020,5.7271,3.4714,6.6650,3.4030,-2.0995,0.8784,-2.2986,9.2509,11.7111,5.1216,4.5903,4.1213,4.9947,3.4184,2.9934,1
0.0000,171.7080,0.9368,0.0384,9.6003,6.1454,2.4566,1.7102,1.4849,0.6281,0.9796,0.2365,3.9217,1.4255,1.6574,1.9207,1.8090,1.7014,1.5894,1.5785,1
0.1090,776.8920,0.7455,0.1436,30.1335,12.9039,10.2772,-9.0178,1.9524,-3.0735,-3.3843,1.0754,8.4902,6.4869,4.6191,6.4762,4.8962,3.2057,3.1504,2.3721,1
0.1023,794.0853,0.7395,0.1556,28.2609,13.3557,12.0567,-10.2158,1.6992,-2.7028,-0.8336,-0.1426,3.7535,6.2611,3.9647,4.9554,3.3776,2.8850,3.3124,1.9797,1
0.0260,439.5375,0.8489,0.0918,14.9689,8.8791,3.9121,2.2782,0.4527,2.1191,-0.4866,-0.0041,4.2225,4.4608,2.9215,1.8962,2.4572,1.7916,3.5384,1.8081,1
0.0000,302.3624,0.8868,0.0689,5.8969,4.8865,2.6671,1.4303,0.9774,0.5257,0.2542,-0.2147,3.1509,1.8579,1.7679,2.0190,2.1005,1.8856,2.2243,2.1256,1
0.0068,919.3225,0.6535,0.2144,2.4012,2.3848,0.3615,0.3361,1.3023,0.6975,0.6002,-0.2296,1.5552,2.0233,1.4114,1.5549,2.1450,1.9008,1.8330,1.5135,1
0.2229,1417.7935,0.4667,0.3275,2.5138,2.5675,0.4496,0.4388,-0.4008,-0.2833,-0.6062,-0.9263,1.7201,1.5528,1.5489,1.8546,2.6370,1.8342,2.3640,2.5123,1
0.2903,1501.6713,0.4366,0.3514,3.7692,3.1428,0.8862,0.0335,1.0794,0.1356,0.1882,0.0609,1.8210,1.6318,1.8021,1.8636,1.8614,1.8361,1.8774,1.6310,1
0.3028,1514.1962,0.4337,0.3518,4.0958,3.6748,1.3058,1.8400,2.0851,0.4400,-0.1432,-0.1185,2.3633,1.8439,1.5121,1.7141,1.2837,1.6573,1.7664,1.7305,1
0.3002,1536.3683,0.4212,0.3618,2.1236,2.2302,0.1105,-0.1117,1.2266,0.1937,0.0641,0.3988,2.2128,2.1184,1.8946,2.4007,1.7686,1.8133,1.8384,2.1431,1
0.2876,1507.8625,0.4367,0.3477,3.2352,2.9353,0.5425,-0.1495,-0.0500,0.4055,0.5342,-0.6674,2.3249,2.3582,2.3631,2.0881,1.7981,2.0086,2.1610,1.6437,1
0.1206,825.8198,0.7423,0.1484,31.4065,10.7716,3.8950,-4.8526,-5.1491,-1.3168,-2.4913,-1.0499,13.2595,4.8405,5.2688,3.8857,2.3940,3.1376,4.0771,2.2893,1
0.1287,1056.4784,0.6381,0.2061,21.2948,10.2101,5.5003,-8.3768,-9.5316,-0.3933,-7.1716,-0.9152,10.6227,5.5153,3.0681,4.2175,2.3594,4.0320,3.8477,2.2237,1
0.1048,904.3574,0.6948,0.1517,27.9581,7.4380,3.4190,-4.8997,-0.3824,0.8453,0.2930,-1.0728,11.7497,12.2092,7.2910,7.1026,4.6486,6.6196,3.2053,2.4076,1
0.2133,1230.8016,0.5616,0.2543,18.5815,7.4762,6.3048,-0.5609,-4.4303,1.3653,1.5153,-0.9481,19.7196,11.8148,8.0167,3.8360,3.0269,3.6652,3.3303,3.3926,1
0.1818,1188.6503,0.5237,0.1909,21.1495,-7.0287,4.5398,6.3973,-3.2923,3.8327,2.5380,0.5078,20.2319,13.0933,3.1076,3.7767,4.6887,4.7765,4.8612,2.4836,1
0.0491,581.0067,0.8276,0.0891,35.5813,13.6907,4.0197,3.1998,-0.4505,0.7816,2.0260,-0.1536,7.2349,9.4395,6.3485,3.1636,3.3007,3.2782,3.3320,2.0005,1
0.1195,866.4155,0.6918,0.1342,26.1878,1.5145,2.5560,-1.2425,0.9829,-1.0980,1.5694,0.0378,4.9376,9.7430,6.0195,4.1172,2.8505,3.5551,5.2768,2.6786,1
0.1045,800.1737,0.7348,0.0929,36.8859,1.5138,0.5479,1.2895,-3.6376,0.9463,5.5940,-0.6086,6.9193,9.5295,8.2255,4.1502,4.1542,3.8113,3.8091,5.2959,1
0.1876,1049.7992,0.6640,0.1790,28.3668,7.5512,-4.3249,1.0584,-2.3286,3.0216,2.2997,0.0946,15.8958,12.8725,10.1718,4.9761,4.1011,5.0095,3.6980,4.1442,1
0.0995,775.3239,0.7305,0.1118,31.5198,0.7521,-1.5901,1.9262,-0.6474,0.1566,1.9314,1.5072,14.0883,10.6866,8.2449,5.0089,6.2422,3.8776,2.9741,1.8446,1
0.1525,915.4908,0.6835,0.1418,27.2558,-0.5143,4.7870,-5.0845,-1.6061,3.2246,-0.9359,0.1260,5.5526,6.5747,2.3972,3.8134,2.5368,4.0078,2.5030,2.4223,1
0.1352,1042.5487,0.6390,0.2142,18.0824,11.2135,9.1626,-3.2108,-2.7914,2.2277,-4.2401,-0.2216,5.1263,4.5860,5.0450,4.9302,6.2810,5.6959,3.3718,2.6042,1
0.1857,1173.3134,0.5614,0.2215,16.6044,0.4536,4.8518,-3.2692,-0.2853,4.3722,-0.2794,-0.5510,11.0887,5.7502,4.8927,4.3137,4.3429,4.8118,3.3386,2.4043,1
0.1757,1057.8969,0.5346,0.1208,22.7106,-12.2267,4.5028,2.3905,-2.4804,3.1317,3.5029,-0.3492,8.3915,13.8101,5.4540,6.5416,8.0217,4.2629,3.4803,2.7310,1
0.1183,830.2645,0.7215,0.1127,33.3340,3.1843,-1.7602,3.9913,-2.6303,2.3083,1.1175,0.3515,6.8745,6.9871,8.1676,2.8453,5.2376,3.4386,3.0301,3.0352,1
0.1467,1068.6396,0.6619,0.1976,24.3513,10.2202,-3.3074,-0.4933,-3.7144,1.9660,3.3098,-1.6185,9.3381,8.2097,9.4243,5.5343,6.9282,3.5472,2.5548,4.2569,1
0.1161,790.6298,0.7499,0.0886,38.5027,3.1878,-4.5476,3.1527,-2.7073,-0.2894,4.9073,0.1332,6.9877,7.4389,8.5955,5.4032,4.2767,3.3627,5.0443,3.4149,1
0.1075,881.1039,0.6979,0.1190,31.1328,1.3238,-0.2357,1.0720,0.2556,1.6731,5.0530,1.3188,8.8935,7.6549,9.6055,6.6278,5.0217,3.9687,4.1095,3.0602,1
0.1084,880.0927,0.6989,0.1381,26.8945,7.0563,5.0272,1.6859,-3.8528,4.6536,1.4283,-2.6643,8.5412,9.6460,4.8940,4.3529,4.6102,4.7160,3.1718,2.7673,1
0.1428,992.5021,0.6878,0.1962,25.1736,11.9581,-0.6521,-1.7395,0.7523,0.3524,0.9975,0.9084,9.0704,9.4009,3.9073,3.8277,4.1464,7.8669,2.5877,3.5661,1
0.1333,974.9191,0.6942,0.1903,24.4192,15.3047,0.9731,-3.3715,-2.6942,-3.1530,-2.5102,-0.0221,5.7725,16.1895,3.9043,5.2235,3.2541,3.5506,2.6584,3.4124,1
0.2601,1338.6765,0.4869,0.2729,10.4770,2.7614,3.2782,2.1327,-1.9934,1.6092,-4.2066,-1.7799,9.3807,7.6658,4.3512,6.7146,5.5199,5.9714,2.5121,3.0431,1
0.2099,1148.7415,0.6295,0.2005,27.2394,4.1341,-3.0710,4.6671,-4.7555,0.8813,-1.9917,0.6688,15.4845,8.2126,7.4413,5.6921,5.8664,6.0551,4.0245,3.4118,1
0.1545,1022.0132,0.6095,0.1638,23.8990,-3.1063,8.1579,-2.8951,-2.8646,5.0991,-0.5009,-0.9452,15.2789,8.2358,7.4110,4.5210,5.3011,4.5526,3.6718,3.2251,1
0.1119,848.5046,0.7004,0.1311,27.7402,0.9346,4.0694,-0.3310,3.0078,3.1576,-1.2396,-0.6576,7.7385,13.7816,6.2084,6.6008,4.7266,4.5340,3.6044,3.1205,1
0.1128,904.1533,0.7206,0.1751,26.6881,14.8507,3.4725,0.1361,-1.1492,2.1351,0.2953,-0.4147,8.0336,5.3215,6.9644,6.5232,3.3093,3.7633,3.7504,3.2041,1
0.1786,1124.4899,0.6053,0.2099,21.4723,3.2197,2.2079,-0.9969,-2.4413,4.1627,0.3896,1.0681,11.4716,7.2136,5.9187,8.8195,4.3494,3.8334,4.0553,3.0834,1
0.0886,900.6204,0.6963,0.1669,22.9683,9.3020,4.7605,-2.1578,-0.6004,3.6884,-0.2918,-0.9849,8.5012,10.1523,7.1211,6.7897,5.1264,4.4611,3.5285,4.5872,1
0.1246,901.3679,0.7259,0.1781,24.0797,13.0642,1.0903,4.2211,-1.6391,3.1002,-0.1262,-0.1404,11.0858,7.7716,7.8968,6.0190,3.3596,4.4202,3.9734,2.6371,1
0.0861,738.0644,0.7536,0.1264,27.6515,9.3134,5.7687,-0.0336,1.9874,-4.0423,0.9095,-2.8823,5.5014,3.3806,2.5551,2.2081,3.4573,2.8466,2.5783,2.3389,1
0.1355,957.5528,0.6668,0.1920,20.7395,9.8749,6.5579,0.6931,-0.4163,2.2589,-0.0071,0.5637,12.6059,3.5638,3.0831,2.4249,2.8967,3.7862,2.7514,2.6802,1
0.1163,894.6277,0.6899,0.1782,23.0442,9.4564,5.7077,-1.5066,-2.1202,-0.8802,-3.0673,2.8976,11.6282,6.4784,5.5706,5.8043,5.6466,3.7751,4.0945,2.9015,1
0.1280,993.3318,0.6494,0.1851,22.1776,7.5488,8.2351,-3.5918,0.9935,2.8170,-2.9702,0.7134,6.7849,13.4599,7.5907,5.9262,4.0042,4.5381,4.3538,3.8414,1
0.1346,1030.0553,0.6245,0.1884,22.9718,7.8336,11.7206,-5.9849,-6.4919,1.2296,-2.8859,0.8439,7.3728,9.2348,6.1588,6.3731,4.5340,3.8064,2.7410,3.3330,1
0.3663,1700.8528,0.4315,0.4338,6.1819,18.2431,5.6652,-2.5541,-4.4503,0.5441,-3.0257,2.5793,12.6905,10.8531,7.3934,5.1386,2.9912,5.3765,3.8167,2.9469,1
0.1150,797.4229,0.7297,0.0902,39.3244,1.2914,0.4236,1.5862,-5.0938,-0.0987,-1.5414,1.3818,11.0549,7.8729,9.9838,5.1028,6.3615,4.9830,5.0578,3.3866,1
0.1362,1028.2422,0.6481,0.1685,23.9899,2.8794,4.0423,-3.9033,-4.0170,5.3331,2.1754,-0.0553,7.9271,9.4000,4.3635,5.8330,3.2360,4.7158,4.1440,4.2441,1
0.1773,1184.5065,0.6058,0.2482,18.3551,12.9181,4.2056,-0.4435,-2.5896,4.0162,-2.9476,-1.9436,6.7832,5.8135,4.9711,7.1408,6.3249,3.9373,2.7083,4.2816,1
0.1347,1000.3615,0.6812,0.1849,23.4554,8.6879,-1.8784,0.1671,-1.4168,1.9844,1.4553,-1.2534,10.3727,5.5130,8.6572,6.1645,5.7234,3.7495,5.3134,3.0294,1
0.1694,1059.3755,0.6147,0.2477,15.1454,5.3329,3.5976,-5.5053,3.7935,-1.6911,0.4525,0.7275,9.2444,4.8039,4.8579,6.0120,4.7370,4.1989,4.0304,3.2488,1
0.1085,823.4233,0.7183,0.1435,26.9687,6.8146,5.9738,-5.0972,-1.9472,-2.1540,1.2151,3.8997,3.5882,2.7919,3.8541,2.5108,2.9680,2.6170,3.1033,2.9227,1
0.1831,1170.8158,0.5699,0.2434,11.7392,4.8845,4.6592,-1.1749,0.6860,-0.7108,-0.8428,0.6751,6.4562,10.9413,4.1010,4.5304,6.3424,3.4515,2.9051,4.4395,1
0.1328,911.3611,0.6669,0.1072,31.2034,-4.2418,2.5463,-2.4613,-0.1904,1.0846,0.2701,-2.4664,14.4817,11.6937,9.3743,5.2307,7.1967,4.7049,3.3135,4.8114,1
0.1371,921.3793,0.6797,0.1339,31.1374,2.7520,3.8058,0.9421,-4.6798,1.6924,-2.3027,0.0389,14.2809,10.3957,11.4487,5.7700,5.2879,4.4954,4.7611,3.2291,1
0.1023,839.3375,0.6933,0.1283,26.4623,-1.4468,6.8816,-3.7887,-0.5746,2.4964,2.2186,0.3660,10.5258,8.5437,3.8231,6.4992,7.2976,4.9494,3.2897,2.5663,1
0.1216,919.7330,0.6695,0.1396,25.0085,-0.5878,0.6211,0.6246,1.7360,1.5240,0.2722,-0.7160,8.1986,12.3978,3.9738,7.2990,2.7080,5.5132,2.7457,4.2567,1
0.1234,996.6401,0.6264,0.1418,27.1187,-1.9417,3.0181,0.3833,-2.9199,3.1296,2.6377,0.6364,12.0321,7.6143,8.5365,5.8877,4.5247,6.5969,3.1848,3.3326,1
0.1385,1037.4669,0.6315,0.2045,21.4474,8.5990,8.8565,-4.3033,-2.5777,1.5135,-0.2099,-0.1545,14.9466,7.1535,4.1788,7.2835,3.5708,4.2099,4.1754,3.4839,1
0.1221,981.0432,0.6678,0.2019,26.3148,13.2551,11.8590,-8.5601,-5.0061,1.0361,-2.1625,0.8684,12.0098,11.5182,5.0696,5.9379,6.2651,3.5973,3.1204,2.3775,1
0.2229,1255.4598,0.6005,0.2701,20.5965,14.0188,7.3380,-2.1384,-5.6908,0.8730,-3.3796,2.2364,12.1726,12.6772,8.9473,7.4420,4.8017,4.2276,4.3062,3.3722,1
0.1423,967.4196,0.6699,0.1657,25.1840,3.8672,3.4374,-4.9274,-4.6679,-2.8736,-7.4026,-2.1903,7.8279,6.7254,3.5299,6.1825,3.0009,3.8806,2.0830,3.1741,1
0.1559,984.9138,0.6521,0.1664,23.6733,5.6770,8.5451,-3.9654,-7.6297,0.8955,-4.9916,-0.8304,6.8090,4.2103,3.7392,3.5964,2.6639,2.4841,3.5506,2.1450,1
0.2172,1200.9825,0.5697,0.2086,21.3801,2.2305,7.3636,-5.7910,-9.7430,3.5119,-0.0796,-0.9461,12.2900,9.9690,6.3320,7.4002,4.2387,3.1895,4.2017,3.4352,1
0.1608,978.5544,0.6262,0.1528,24.7077,-0.2707,9.3749,-4.1469,-5.7650,4.0814,1.5920,-1.0730,11.4527,8.5018,4.4358,4.7323,6.0691,4.2213,3.2728,1.9698,1
0.1893,1146.4335,0.5924,0.2529,17.8195,10.1007,7.4455,-8.8758,0.9060,5.6605,-0.5839,0.4004,7.8571,7.8215,4.2083,4.9251,2.4217,6.0259,2.8174,3.3769,1
0.1609,1188.1779,0.5862,0.2753,16.8949,12.9203,7.3201,-6.7569,-3.3717,-0.5234,0.9943,0.8332,8.8715,6.6186,3.8924,5.1867,3.5627,3.4800,4.4515,2.9492,1
0.1775,1177.0997,0.6087,0.2674,17.4616,17.7281,5.0607,1.1604,-2.0129,-2.5462,-0.2610,-1.5930,9.2903,8.8758,4.6085,3.9371,5.2705,3.6301,2.9266,2.6127,1
0.1229,932.5242,0.7028,0.1527,29.2588,7.9525,0.0308,4.5729,-4.1576,3.8305,-0.8128,-0.1425,10.5222,7.7578,6.8208,6.1293,6.1055,3.4353,4.1892,2.3293,1
0.1473,1020.5743,0.6038,0.1507,23.4701,-3.2158,5.7372,-1.6274,2.1160,4.1343,-0.5831,-1.4289,7.0514,16.6242,2.7447,6.1769,6.1890,3.3535,2.0912,3.3303,1
0.1227,977.9689,0.6838,0.1770,25.0460,10.3072,2.9368,-4.6920,-1.1954,3.3222,0.1140,-1.1733,7.5494,9.1147,4.1285,4.5219,5.3942,5.8415,2.9584,3.9339,1
0.1186,838.5504,0.7138,0.1277,28.2824,2.5269,5.6342,-2.0524,-3.2846,1.2778,0.3910,-0.8778,8.2327,4.3442,3.4225,4.8222,3.1319,3.4238,4.9300,2.0233,1
0.1259,950.9381,0.6791,0.1762,22.9136,7.8184,5.7579,-4.5605,-6.3573,3.4146,-1.6120,-0.1215,10.3387,3.9761,3.3534,3.0557,3.5851,3.2608,4.7397,2.4062,1
0.1358,917.7708,0.6709,0.1321,30.7769,-2.0533,3.2078,0.6981,-4.9313,0.4132,3.4766,1.7703,14.7597,12.5736,6.9467,4.8217,7.2162,4.6330,4.3275,3.5575,1
0.0837,818.6191,0.7425,0.1524,29.7249,12.3886,4.6258,-1.6224,3.4986,1.3209,-0.4330,0.2590,10.3303,9.8411,7.8097,3.4063,6.0248,3.6327,3.3159,2.4024,1
0.1801,1128.5189,0.5956,0.2339,20.4558,7.7465,7.7101,-1.9122,-1.1375,2.2282,-1.3558,0.5005,20.0383,12.6417,4.6693,5.0323,4.2531,4.2203,3.1651,2.5844,1
0.1665,1005.4772,0.6619,0.1941,24.9240,7.0772,8.0753,-1.3643,-4.7707,0.8422,-1.1863,0.7108,13.0360,11.2158,7.3666,6.7868,4.3640,3.4628,3.1213,2.2671,1
0.0943,774.0960,0.7310,0.0963,34.6354,1.1229,-1.5049,6.5874,1.4395,0.3710,1.3330,2.2307,7.7412,10.7086,9.1989,4.0644,7.2853,3.5978,3.6433,2.3156,1
0.1075,754.8287,0.7737,0.1169,38.9736,7.5934,-1.6966,2.0417,1.1100,0.0408,-1.8778,0.7164,13.6894,9.2469,7.0421,6.5446,3.9854,4.8393,2.2498,3.1028,1
0.0919,821.0888,0.7172,0.1508,26.8770,5.7782,4.4081,-0.1174,2.9733,-3.5913,0.3777,0.3072,6.9892,9.0135,5.1391,3.9783,6.4977,3.4372,2.4616,4.2980,1
0.1023,795.8333,0.7237,0.1488,23.4835,4.5866,4.5503,-2.9756,-2.7743,-5.1826,2.0669,-1.4029,9.6067,3.5349,2.2341,3.2272,6.6332,4.4138,2.6045,2.1159,1
0.1445,949.8451,0.6615,0.1829,22.5297,6.9155,6.7267,-1.7415,-2.1893,-3.1601,-4.2214,0.1446,8.2070,4.0821,3.2865,4.1701,4.0431,5.6083,3.8329,2.6767,1
0.1527,1015.0475,0.6487,0.1939,23.8253,6.7940,6.8291,-5.0045,-5.0883,2.2811,-2.8732,-0.5727,10.4148,6.9285,4.8468,5.1972,2.4739,4.8160,4.1253,3.8003,1
0.1004,876.0161,0.7325,0.1506,29.9450,11.0657,-1.6001,2.2616,-2.5501,0.0040,-2.5219,0.8570,11.9850,6.8103,8.1503,5.9136,5.0723,3.7268,2.6075,2.6014,1
0.2416,1101.4146,0.6738,0.1988,31.4167,7.9881,-6.9421,3.4283,-3.7712,2.2983,-1.4874,-1.8175,16.7926,7.3181,8.4372,6.5703,5.4777,3.7445,3.2102,2.9931,1
0.1347,883.7283,0.7185,0.1243,34.2062,2.5701,-6.8247,2.4366,-2.4252,1.3549,1.4191,3.9046,9.4885,6.4071,7.4820,3.3680,3.8559,2.3731,4.0556,2.2965,1
0.1622,970.7698,0.6876,0.1500,30.9723,2.5470,-1.0917,2.1764,-4.5972,1.3208,3.9123,1.2521,13.1360,10.6454,7.4473,4.5219,4.6511,4.2386,4.4490,2.6025,1
0.2335,1224.2911,0.5820,0.2793,18.1771,10.0063,3.2213,-3.0003,-4.2414,-2.2897,2.8351,3.4261,17.6217,5.9079,5.0500,4.6723,3.5373,2.7836,3.8077,3.1991,1
0.1312,940.1198,0.6827,0.1599,27.9768,8.1531,5.1462,3.0743,-5.4923,-0.3611,2.3111,0.6358,11.8239,10.4502,6.0667,6.1203,3.5070,6.6067,4.1759,3.1636,1
0.0655,605.7966,0.7986,0.0789,36.3627,4.6886,4.6057,1.3646,-2.0944,-0.7714,1.6346,1.9115,12.2989,7.9300,5.4965,3.9529,4.7997,3.8330,2.8440,1.7351,1
0.1612,1029.7502,0.5939,0.1469,25.5834,-7.2638,5.6744,-0.4609,-3.6629,1.9188,1.9389,-0.9580,13.5350,11.5263,5.4259,5.4152,6.7424,3.4311,2.9393,3.5341,1
0.3116,1512.3750,0.4336,0.3492,3.9416,3.1166,0.6976,0.4105,0.1268,0.3187,0.6168,0.0452,3.7013,3.0111,2.3871,1.9580,2.4352,1.5461,1.8408,2.0065,1
0.2942,1464.7252,0.4476,0.3368,3.4221,1.9147,1.0887,1.0054,0.4271,-0.2034,-0.5154,0.0289,5.0068,1.5249,2.1261,2.1813,1.3638,1.3677,1.8579,1.8529,1
0.0009,252.2202,0.9078,0.0534,9.3293,5.1727,2.6249,2.8453,1.1354,0.1439,0.4503,0.5716,6.0921,2.5985,2.3324,2.7232,2.0055,1.8206,1.7525,1.4063,1
0.0000,680.4043,0.7416,0.1584,2.8823,2.5763,1.2654,0.2622,0.4359,0.3847,0.3664,-0.0335,2.8321,2.2890,2.4680,1.8557,1.6709,1.4737,1.9136,2.0660,1
0.0417,967.8133,0.6490,0.2177,9.2852,5.3091,2.2755,2.4112,0.6204,0.7258,-0.6425,0.3415,12.3428,3.5265,3.2469,1.8127,2.1851,3.2602,2.6532,1.7384,1
0.0625,715.0331,0.7740,0.1259,27.4805,8.1542,-0.1821,1.6918,-1.2569,0.1100,-0.2402,1.9561,14.7502,9.2130,6.7269,5.0620,4.9930,5.6448,2.2308,2.4802,1
0.0851,683.9432,0.7720,0.1002,30.1422,3.5895,-0.1372,1.7501,-0.1577,1.1488,1.9109,0.1841,12.0427,5.3888,6.8003,4.2431,5.5430,6.2572,3.8491,2.9914,1
0.0189,278.7609,0.8995,0.0429,17.9916,5.0090,4.4520,1.9530,0.8576,1.8249,0.3194,-0.4289,6.5279,5.8553,2.5046,1.2559,2.1961,3.0837,1.2446,2.5364,1
0.0054,370.4010,0.8675,0.0792,9.7510,5.5568,2.3537,2.3115,-0.0678,0.7073,-0.3669,0.3663,7.0555,2.4137,2.7081,1.5606,2.4472,1.9749,2.2640,2.1912,1
0.0049,274.1774,0.9037,0.0554,14.9916,6.7806,2.5413,2.1204,0.6469,0.9939,0.7479,0.5649,6.1017,2.9638,3.1612,2.7170,2.9977,1.6110,1.8081,1.4869,1
0.1077,898.4962,0.7003,0.1773,23.2490,13.3099,9.7684,-0.3224,-4.8803,-0.5735,-1.8747,-1.9263,8.8527,3.0845,3.0335,2.3298,3.2561,4.0208,3.3048,2.1267,1
0.0941,839.7504,0.7077,0.1470,28.1371,10.3199,8.5784,-0.2808,-4.4462,-1.4849,1.2526,1.6833,11.4477,10.4240,4.2591,5.1944,5.0512,3.6862,4.5457,3.4910,1
0.1333,955.9388,0.6983,0.1697,30.9777,10.9735,1.5992,0.7841,-4.0360,-1.4086,0.6049,0.8796,14.7003,8.6865,7.3851,4.4622,5.2932,4.3310,4.5921,2.8874,1
0.1024,938.7051,0.7011,0.1836,26.3955,18.1655,4.4136,0.3258,-1.1561,-1.2442,1.1633,-0.0262,8.4587,13.1019,3.4967,4.6053,4.3749,3.8878,2.9769,2.4104,1
0.0853,685.8046,0.7876,0.0740,41.3339,5.5617,-1.9765,2.3225,-0.1643,-0.7097,2.9812,0.3227,8.0821,10.3654,8.6496,6.9606,5.8012,2.9270,3.5729,2.6300,1
0.0863,698.1362,0.7979,0.0869,40.0005,9.2202,1.6177,-1.4127,-2.7565,-0.1820,1.3519,-0.5517,10.5259,5.2478,8.8882,5.9867,5.3177,4.2226,4.0252,3.1908,1
0.1012,849.8452,0.7015,0.1618,25.1511,11.5055,10.8325,1.0435,-1.1340,-3.0229,-3.4966,0.0745,13.6221,3.6581,5.4534,3.2099,3.6075,4.4266,3.9458,2.7598,1
0.1081,906.6718,0.6782,0.1983,19.2116,10.6995,12.5896,-5.8341,-0.9954,-5.2919,-0.9794,-2.7313,9.6888,3.6778,6.0454,3.2301,1.5567,2.0059,3.3415,1.9212,1
0.0398,448.2298,0.8357,0.0973,14.2467,6.4785,3.3080,2.5349,2.0713,0.3345,0.1878,-0.6097,5.2864,2.0191,2.4595,2.5898,2.4861,2.2450,1.8459,2.2047,1
0.0000,293.1505,0.8907,0.0663,6.6708,4.2064,1.7818,2.0451,0.6679,0.8068,-0.0673,0.3809,3.1949,1.9276,1.9664,2.2577,1.7927,2.1788,2.3822,2.2945,1
0.1408,949.0997,0.6848,0.1909,22.2805,10.5888,4.3906,-7.2844,-1.4517,-5.5530,-1.6362,-0.6398,13.2691,10.4706,6.0644,3.7997,3.5582,4.9103,3.1220,2.9642,1
0.2432,1251.6287,0.5631,0.2634,16.8049,7.5417,6.1713,-1.0560,-6.0249,1.5616,0.6929,1.1038,13.2016,10.3573,7.4780,4.4293,5.1845,3.5650,3.7232,2.3225,1
0.2772,1466.8994,0.5139,0.3395,13.3531,16.0283,3.6178,0.0355,-6.2106,0.2138,-1.9517,0.3337,15.0552,11.4990,7.6098,5.6933,7.1510,2.8874,2.7167,2.8699,1
0.1581,1092.1650,0.5940,0.1669,23.8247,-1.2658,-0.2658,4.9976,-2.8950,2.8387,4.8112,0.5477,11.2764,12.4287,6.3313,5.4258,4.7650,4.8723,4.8714,3.9673,1
0.1154,880.4152,0.6756,0.1172,32.5612,1.0327,3.2545,3.5027,-1.8278,-1.4418,2.7646,0.9747,10.4296,17.5791,8.2574,6.2108,5.9361,4.4662,4.6162,2.4266,1
0.2409,1495.2510,0.5104,0.3938,9.9462,21.5562,1.5915,-4.2367,0.1234,-1.2452,-0.4062,-0.8303,11.8893,7.6577,3.9740,5.1276,3.1174,3.1842,2.5064,2.5551,1
0.3380,1508.3296,0.4952,0.3291,14.0132,8.8695,3.2147,-0.1571,-6.2241,1.3102,1.1850,-2.7976,13.0576,12.0341,7.0214,6.2059,3.8048,4.7964,4.7610,2.6745,1
0.1307,935.4434,0.6750,0.1526,25.7971,3.7786,5.0452,-6.0996,-3.5564,-3.3822,4.0343,-0.3304,2.8453,2.8959,2.5813,3.9251,3.1926,2.3193,3.1844,3.4779,1
0.1595,1050.6562,0.6202,0.1708,22.0876,1.4939,4.5589,-5.4308,-4.1243,1.7500,2.9882,-2.7934,5.2109,5.6871,8.4085,6.1874,5.3377,3.6871,5.2396,3.8293,1
0.1363,896.4892,0.6702,0.1279,27.1691,5.4766,10.6806,-1.8520,-4.0395,2.7881,5.4169,-3.0736,5.7128,10.5218,4.2928,3.5306,3.1239,5.2268,3.7733,4.1080,1
0.2181,1077.8605,0.5458,0.1583,19.7836,-2.8561,15.8623,-4.0769,-10.0749,-1.7217,-1.5402,0.0027,7.2196,5.0217,2.1068,3.2418,3.5844,2.6741,2.3748,3.2783,1
0.1711,1058.3872,0.5897,0.1971,18.5014,3.6848,10.0008,-3.3938,-2.7599,-3.6744,1.2479,0.9897,9.1591,14.0665,7.7279,4.4862,7.4736,2.8911,2.8891,2.1887,1
0.1933,1056.8428,0.6491,0.1876,27.0331,4.5216,2.4552,-1.2019,-3.5620,-1.5627,-0.1082,1.4551,14.6448,5.7322,8.2121,4.3575,4.6940,4.5623,3.5725,3.8672,1
0.1692,1062.5571,0.6126,0.1953,24.6032,2.5421,4.8052,-3.2695,-0.4969,-0.4158,-0.5693,1.9011,18.2794,10.9263,11.5211,6.1428,6.1787,4.0975,4.2809,3.7843,1
0.1269,981.5043,0.6573,0.1732,22.4800,5.7005,5.5342,-3.1485,-5.7193,0.1960,2.3609,0.0759,9.2636,11.9666,9.0181,4.1169,5.4076,3.7702,4.2632,2.6576,1
0.2688,1368.9514,0.4646,0.2812,9.5882,-0.8603,8.9826,-6.0808,-0.3166,4.5310,-0.1349,-0.8539,17.6251,13.2316,8.4539,4.3832,5.6584,6.3895,3.0071,2.4137,1
0.2403,1130.4222,0.5610,0.1977,19.9687,5.4733,15.6077,-3.6518,-9.0269,3.7743,-0.5311,-4.1955,10.3111,5.9526,6.7303,7.7671,2.8092,4.2082,3.7648,3.4669,1
0.2182,1073.7080,0.5481,0.1419,23.4172,-0.8092,15.9186,-3.4531,-10.4469,3.9793,1.5518,-2.0390,6.8927,7.1248,3.1752,3.3802,3.7690,2.1707,2.7911,3.2359,1
0.1402,983.7640,0.6663,0.1723,24.7072,8.1692,9.6793,-6.7641,-5.0969,0.3278,-1.8431,-0.9162,9.1178,5.1028,5.4908,5.5666,5.4554,3.3730,2.0658,2.2737,1
0.1597,1040.5151,0.6201,0.2217,19.2928,7.4355,10.7477,-6.6871,-1.9987,-1.0641,-0.7408,1.2524,12.3909,7.5442,4.7644,6.1064,2.9192,4.0140,2.2647,2.4113,1
0.3065,1515.3090,0.4261,0.3489,3.2000,2.2296,1.1237,-0.3787,-0.0803,0.2713,-0.1587,0.9658,2.4962,1.8191,3.2945,1.7417,2.5032,2.1723,1.8885,1.7905,1
0.2991,1525.9700,0.4260,0.3543,2.8525,2.9582,1.5144,0.8570,0.5179,0.7906,-0.0223,0.2660,2.3230,2.0511,1.8152,2.0264,1.9149,1.9944,2.0446,1.9626,1
0.2985,1521.2706,0.4271,0.3538,2.4626,2.5121,0.5526,-0.0097,0.6840,0.4718,0.4282,0.1860,1.8751,1.9263,1.6546,1.7367,1.9504,2.0077,1.8049,1.6147,1
0.3158,1532.7104,0.4219,0.3543,2.9631,4.0045,2.0790,1.4972,0.1356,0.3742,0.3845,0.0966,1.9872,1.8488,1.8301,2.1163,1.9773,1.5645,1.9340,1.6894,1
0.2883,1507.6821,0.4254,0.3474,2.5282,2.2732,1.6583,1.3609,1.4733,1.4901,1.0355,0.5013,2.5041,1.9565,2.3500,2.4025,2.0607,1.9689,1.7048,1.8783,1
0.1144,842.6124,0.6829,0.1795,11.2122,4.1275,3.0169,1.3443,0.2962,0.0066,0.4322,-0.4637,7.8470,3.1015,3.2907,2.8863,1.9644,2.1458,1.9287,2.6715,1
0.0000,284.3986,0.8933,0.0657,5.5354,4.7015,2.6305,2.5116,1.2278,0.2181,0.4757,0.2874,2.9294,1.5530,2.3442,1.7433,2.0905,1.2770,1.5783,1.5137,1
0.0067,874.0042,0.6714,0.2025,3.4862,3.4195,1.0195,1.1828,0.6720,-0.2350,0.4285,0.0667,2.4578,1.9247,2.2405,1.7036,1.5703,1.7580,1.6170,2.2989,1
0.2224,1411.5380,0.4648,0.3273,2.8171,3.0155,1.3386,1.2027,0.3263,-0.1967,-0.0061,-0.5324,2.3948,2.0245,1.7775,1.8760,1.4941,1.8979,1.7860,1.7662,1
0.2762,1495.8187,0.4346,0.3476,3.1104,2.6822,0.8728,0.2062,0.2087,-0.4575,0.1784,0.6102,1.9686,1.8779,2.1758,1.7637,1.4170,1.4245,2.1241,2.0516,1
0.0563,590.3164,0.8120,0.0992,29.2194,11.9571,9.0619,3.0523,2.8010,0.8337,-0.1838,0.2434,3.9995,2.1148,2.5726,2.3518,2.5841,2.8123,2.0784,2.2593,1
0.1918,1234.7695,0.5440,0.3098,7.4940,9.5951,8.3982,-1.9583,2.2528,3.8085,-2.2270,2.1451,8.9817,5.8285,5.3408,3.5218,5.0571,5.4523,3.7982,3.0015,1
0.1418,915.7971,0.7156,0.1999,25.3998,16.9850,5.5008,0.9753,1.9981,1.6314,2.5332,-0.0376,20.9680,8.8500,5.1281,4.9726,4.6863,3.0779,3.0657,2.9949,1
0.0785,741.8553,0.7794,0.1010,37.5843,8.2697,0.0947,-1.0662,-0.7135,-0.4039,3.9035,0.6542,11.3185,11.4650,6.4162,6.4331,5.5659,4.4425,5.0267,2.4263,1
0.0649,684.5901,0.7934,0.0892,37.2460,7.0686,4.8052,1.2467,-0.6422,1.9728,3.2815,0.3239,6.4778,10.6161,5.1597,4.9536,2.7095,5.4762,3.6993,3.0080,1
0.1762,1078.1194,0.6280,0.2133,23.2161,8.5075,7.5315,-1.0897,-1.6297,3.7339,1.1220,-1.4724,16.9237,10.9835,5.1289,4.7490,5.5370,3.8477,4.8388,2.6778,1
0.0817,709.1862,0.7635,0.0972,35.3046,6.3664,8.3982,-1.7042,-2.1585,-1.0025,1.0738,1.1937,8.7443,7.0762,5.5636,4.0570,3.1361,3.6341,2.2574,3.2194,1
0.1352,877.9503,0.7033,0.1629,26.9855,8.5194,6.9058,-4.3757,-1.0906,-5.2493,0.7640,-1.5693,10.5737,7.0356,5.1146,4.8638,3.7861,3.2724,2.4721,3.1130,1
0.1498,1018.5585,0.6921,0.1859,29.7715,11.0880,1.1736,-0.8906,-4.3276,-0.1412,1.3924,0.4053,13.3329,12.9996,7.0598,4.9168,4.1092,2.6004,3.4436,3.4285,1
0.1026,860.0848,0.7451,0.1694,29.3792,19.1897,6.5437,1.3052,0.4647,-0.4366,-0.9037,-0.7807,10.3838,4.9739,5.8910,3.0151,4.6251,3.6206,2.6810,2.4142,1
0.3134,1522.8319,0.4257,0.3504,3.1432,3.0169,1.2573,0.9342,-0.3981,-0.2576,0.5385,0.2835,2.0839,2.1431,2.2292,2.5375,2.4200,2.0057,1.7000,1.6441,1
0.3109,1536.4028,0.4190,0.3562,2.6295,3.0139,1.5707,0.9730,0.4628,0.2563,-0.0216,-0.3651,2.1441,2.7738,2.0596,2.2664,1.8676,1.7853,1.7365,1.3541,1
0.1618,1078.7065,0.5951,0.2234,10.9399,2.0591,1.9057,-0.5268,-0.4761,0.9548,1.6220,0.6619,6.9157,4.2506,3.6090,2.9018,3.4349,3.0426,2.3893,2.4052,1
0.0639,725.1622,0.7384,0.1364,19.3943,4.5769,2.9827,1.0945,1.4227,0.9970,0.7231,0.8725,4.5807,2.8396,2.0624,2.0249,2.0193,1.0522,1.3839,1.6142,1
0.0455,766.5364,0.7217,0.1446,18.3866,4.6117,3.4855,0.4626,0.3978,0.6562,-0.0889,0.0137,5.0633,3.0351,2.1253,2.4767,2.0750,2.6633,2.1210,2.0617,1
0.0076,328.8178,0.8817,0.0623,13.8775,5.5456,2.6420,1.7934,0.6413,1.1579,1.0789,0.8672,4.9472,3.2572,2.7621,1.6224,2.1707,1.6534,1.1680,1.3908,1
0.0000,266.1461,0.9004,0.0608,6.0890,4.3191,1.9075,0.6512,0.5181,0.4677,0.5818,0.3560,2.9225,1.9874,1.9448,2.1954,1.9623,2.0905,2.0884,1.6591,1
0.0044,844.6793,0.6798,0.1957,3.2583,2.6065,1.2758,1.4065,1.3491,-0.0123,0.8277,1.2663,1.9298,1.6870,1.8239,1.4973,2.2772,1.4252,1.4774,1.6191,1
0.1808,1366.6315,0.4817,0.3191,2.0752,1.9716,0.7687,0.2704,0.2855,-0.3804,-0.3601,0.0406,1.7417,1.7774,1.6850,1.4921,1.8676,1.4336,1.5204,1.7894,1
0.2940,1510.2903,0.4297,0.3534,2.8022,3.0368,1.7321,0.5909,0.7020,0.4552,0.8165,0.7237,2.0922,2.6825,2.3742,2.3099,1.8220,1.8533,1.6612,1.7263,1
0.1472,943.6724,0.6831,0.1849,24.3104,12.1108,9.3580,-7.4327,-5.4641,-3.3798,-1.9652,3.0053,7.9537,5.2867,3.8277,5.6953,4.6964,2.6966,3.6855,2.1472,1
0.1501,1071.0696,0.5969,0.2316,15.1362,6.4119,6.6793,-0.7755,0.8940,-1.2912,-0.1194,2.9845,6.5358,8.1220,5.5506,5.8018,3.6962,4.2796,2.2258,3.9105,1
0.1462,980.5889,0.6486,0.1245,29.0179,-6.4033,-6.5382,4.8243,4.6489,0.0884,-1.0136,-0.0388,7.6974,8.8981,8.2081,6.0853,7.5842,4.4299,4.2815,2.4788,1
0.1234,897.4684,0.6639,0.1188,29.9839,-1.3279,2.3931,-0.0016,-0.7968,0.3407,-0.7451,2.8116,7.3859,12.7292,12.2937,6.7075,7.5972,4.2558,2.8505,2.9897,1
0.1449,996.9025,0.6863,0.1922,25.2437,12.7554,5.2963,-0.6931,-3.3633,-0.0949,-3.6853,0.4496,10.2405,11.8900,4.6678,5.6127,3.2502,6.4299,4.0798,3.2123,1
0.1678,1093.3055,0.6709,0.2178,26.3002,13.7520,-0.5856,5.3799,-1.9668,0.2883,-3.0804,2.7409,12.7384,12.5674,7.4071,4.3426,4.2206,3.6614,3.5433,2.9339,1
0.2658,1398.9349,0.5583,0.3128,18.7750,14.7366,3.3040,2.9257,-7.2670,0.1779,-3.8569,1.0411,11.9845,9.4969,4.9492,3.9644,6.5156,4.6292,4.3727,3.6974,1
0.1845,1254.7225,0.5725,0.2713,19.2773,12.9429,10.6385,-6.0904,-8.8450,1.3280,-5.4955,1.9521,12.3140,9.7419,7.4887,4.1844,6.6052,4.1985,3.5234,4.3953,1
0.1941,1098.7098,0.5637,0.2259,18.8053,3.2998,8.5478,1.4082,-3.0663,-7.7402,-0.7512,4.2355,12.3736,13.3732,3.0815,5.7205,2.6162,3.9992,4.9884,2.8374,1
0.0208,534.3480,0.8129,0.1048,18.2751,6.7082,3.7000,1.7237,1.8737,1.7762,0.7518,1.2047,4.0433,3.0389,2.5044,2.0990,2.1003,2.1299,1.1701,2.3726,1
0.3023,1511.1250,0.4291,0.3497,2.8688,2.3338,0.7002,0.9483,0.3982,-0.7104,-0.5498,-0.8505,3.7568,1.5445,2.6033,2.0034,2.0228,1.8764,1.9404,1.3360,1
0.3061,1532.4344,0.4206,0.3590,1.9233,2.4102,1.1438,0.6714,0.7677,-0.1144,-0.3527,-0.5000,1.7257,1.7609,2.0743,1.8810,1.7585,1.9283,2.2344,1.8650,1
0.3027,1545.6626,0.4158,0.3588,2.6756,2.2495,0.5865,0.9359,0.4792,0.2864,0.2104,0.1202,2.5612,2.1790,1.6455,1.7289,1.9971,1.8403,1.8714,1.6980,1
0.3076,1515.0732,0.4263,0.3478,3.5641,2.3775,1.2232,0.5976,0.6154,-0.3375,-0.5152,0.0031,1.8733,1.7481,2.4262,1.9344,1.6878,1.9065,1.3842,1.6380,1
0.3149,1563.5426,0.4088,0.3661,2.2872,2.8439,1.3624,0.7280,0.2222,0.0044,-0.0715,0.3736,1.9089,1.7982,1.9472,2.0564,1.7212,1.8883,1.9417,1.5491,1
0.3086,1537.2728,0.4244,0.3598,2.4105,2.7211,0.0851,0.2738,0.2561,0.5379,0.1171,0.7154,2.0427,2.4248,2.2104,1.9671,1.7843,1.7140,1.8901,2.4411,1
0.3057,1521.4531,0.4263,0.3511,3.0400,2.8231,1.3981,2.1613,1.5198,0.8704,0.6844,0.2970,2.3362,1.6124,2.0340,1.6717,2.2155,1.8090,1.3992,1.7919,1
0.3017,1528.5375,0.4198,0.3557,3.2474,2.8978,1.3344,0.3464,0.3253,-0.7288,-0.7340,0.0054,1.9729,2.1227,1.8933,2.3002,2.2547,2.0465,1.9223,1.9262,1
0.3178,1535.2450,0.4240,0.3548,3.1645,2.9389,1.0107,-0.2002,-0.1320,0.1918,0.0491,-0.0179,1.8814,1.8734,1.7832,1.6439,1.6408,1.7276,1.7120,1.8475,1
0.3043,1535.4935,0.4187,0.3570,2.9781,2.0718,0.3055,0.3373,0.9183,0.2252,0.5671,-0.1086,2.1373,2.1674,1.9999,1.8813,1.8111,2.0413,1.9820,1.8307,1
0.0727,1122.1251,0.5812,0.2594,4.3987,3.0999,1.0172,0.0996,0.8160,0.1661,-0.2395,0.3675,2.3270,1.8246,2.5914,2.1635,1.5285,1.5277,1.9367,1.7178,1
0.2847,1491.4230,0.4355,0.3444,2.8065,3.4897,2.1827,1.1134,-0.5689,-0.4987,-0.1483,-0.0734,2.0962,1.8700,2.0681,1.8106,1.8331,1.8973,1.4962,2.3483,1
0.2749,1408.0742,0.4718,0.3177,6.6774,3.1262,1.6981,0.6914,0.9118,-0.2656,-0.0446,-0.3352,7.6840,2.1560,2.2039,1.9298,2.1524,2.4084,1.6913,1.7894,1
0.0592,710.8830,0.7402,0.1212,19.7447,2.3787,2.7185,1.0408,0.3884,1.4420,1.2726,0.5589,5.7875,4.0776,2.1913,2.5453,2.1879,2.6276,1.8447,1.6820,1
0.0010,281.7708,0.8944,0.0623,7.8662,4.7213,2.7716,1.2505,1.1562,0.9159,0.5629,0.2952,4.5805,3.0446,2.1672,1.8478,1.9917,1.5831,1.5877,2.2273,1
0.0096,303.2365,0.8900,0.0624,9.9398,4.1610,1.7532,1.2743,0.8044,0.7597,0.6496,0.3355,7.2667,2.2750,2.0218,2.5579,1.5889,1.6835,1.5865,1.8642,1
0.0000,681.8365,0.7425,0.1581,2.5944,2.9641,0.7598,1.1383,-0.1898,-0.3217,-0.5496,0.2643,2.0858,2.1607,2.0381,1.7245,2.0813,1.8131,1.8758,1.8374,1
0.1341,1239.5239,0.5350,0.2851,4.6854,3.6299,1.7985,0.1511,-0.0923,0.1940,0.3427,0.3331,7.4838,2.7292,2.3048,2.5213,2.0616,2.0641,1.7892,1.7902,1
0.3000,1520.0756,0.4217,0.3499,2.6145,2.6229,1.3743,1.7196,0.9298,0.5557,0.6658,-0.2376,2.2076,2.2919,2.0026,2.2268,1.9428,1.9855,1.5346,1.6305,1
0.0885,622.2853,0.7733,0.1348,15.1340,6.3046,2.8937,1.6450,1.5821,1.0432,0.4385,0.5946,7.6094,3.0191,1.9730,1.7704,1.6720,1.8717,1.3701,1.4056,1
0.1709,1011.1230,0.6843,0.2034,23.8591,11.3908,-2.9446,-2.7841,-2.5133,1.3448,-1.3473,1.7783,15.2135,4.4804,7.7217,3.8934,3.0316,5.0347,3.6943,3.2767,1
0.0742,602.1082,0.7870,0.1261,17.1829,6.6118,2.7808,0.8909,2.4618,0.9351,1.4228,1.9631,5.4236,4.2739,3.8150,2.6097,4.1596,4.2195,2.7745,2.4732,1
0.0000,214.8859,0.9194,0.0478,8.0036,4.8999,3.8710,2.1345,1.6863,1.0906,0.4646,0.3656,3.8895,1.5566,1.7014,1.5741,1.4884,1.8939,1.6251,1.6667,1
0.0005,740.1324,0.7184,0.1699,3.4599,2.6828,1.3210,0.8452,0.0494,-1.0871,-0.6670,-0.3276,2.2325,2.7195,1.5034,2.1876,2.2227,2.0628,1.7451,1.6864,1
0.1371,1292.5375,0.5194,0.2976,3.3720,2.6286,-0.8571,-0.4607,0.4866,0.2634,-0.6545,-0.3746,1.9055,2.5026,2.3049,1.6666,2.2109,2.0819,1.7776,1.4228,1
0.3145,1520.2827,0.4183,0.3529,2.6109,2.2529,1.5501,0.6840,0.3336,-0.4982,0.3190,0.5984,1.6982,1.4922,1.7709,1.5995,1.9006,1.6787,1.6465,1.4875,1
0.3093,1509.6252,0.4261,0.3500,2.8537,2.3643,1.3452,1.1371,1.3950,0.4103,0.8944,0.3423,2.0090,1.7128,1.3494,1.8542,2.0037,1.8961,1.5179,1.8398,1
0.3086,1531.1221,0.4231,0.3587,2.6569,3.1025,0.8605,0.4786,0.2945,-0.3409,0.1604,0.0058,1.7921,1.5235,1.8592,2.0879,2.1760,2.0325,1.7011,1.8968,1
0.3076,1525.0482,0.4296,0.3552,3.5931,3.8021,1.1484,0.6755,0.8576,0.4999,0.2149,0.8173,2.2750,1.7160,1.6475,1.7264,1.2647,1.8336,1.6537,1.5411,1
0.1631,1168.2772,0.5626,0.2736,9.4342,7.4511,6.1366,-1.4226,0.8097,-0.4379,-1.0415,0.7091,15.1796,7.5552,6.1660,5.6077,3.1386,3.0034,2.4901,2.3353,1
0.1103,814.5172,0.7151,0.1366,24.9238,7.4585,9.7871,-4.0371,-5.7978,-0.8823,0.3686,-0.0721,3.3073,3.9538,3.7322,5.2208,3.7892,3.0351,1.6540,2.1762,1
0.0005,173.0418,0.9398,0.0333,16.0146,7.1909,3.3914,2.2435,1.4468,1.1621,0.5167,0.7889,4.4325,1.3443,1.1889,1.1810,1.1493,1.0499,1.0407,0.9168,1
0.0035,332.6649,0.8778,0.0702,9.1480,4.4489,1.7424,1.4690,0.8637,1.3416,0.1611,0.6952,5.8857,2.2370,2.1539,2.0086,1.4502,1.3280,1.7993,1.6975,1
0.0000,280.2766,0.8970,0.0645,5.3958,4.6640,0.9855,0.4611,0.2816,0.8657,0.4325,0.2360,4.1644,2.8133,2.2685,2.4010,1.6712,2.1180,1.9743,1.4741,1
0.0215,860.0214,0.6737,0.1949,2.7137,1.9580,0.9810,0.9226,-0.2493,0.3683,-0.4208,0.0731,4.7676,2.0064,2.0803,2.3470,2.3387,1.9090,1.7840,2.1334,1
0.0829,772.3636,0.7132,0.1453,16.3738,0.7038,2.3152,-0.0967,0.6786,1.6042,0.9848,0.1679,8.1030,6.2559,3.4790,3.2748,3.0482,3.8236,2.1972,1.8894,1
0.0035,249.8691,0.9083,0.0528,10.1361,5.7270,3.8451,2.4208,0.8489,0.1830,0.0587,0.3007,5.8586,1.4864,1.9743,1.6156,2.0126,1.7941,1.4325,1.9694,1
0.1551,1192.8169,0.5870,0.2690,14.7530,10.7009,1.8553,-2.7906,-0.9395,-0.1209,0.3242,0.6938,7.0160,9.1594,5.0477,3.8284,4.0208,5.3192,3.0599,3.4049,1
0.0141,329.2596,0.8870,0.0718,13.5759,8.3351,3.2004,2.1191,1.3544,-0.0984,1.2419,0.9459,4.5164,6.7201,2.1350,1.3118,1.3113,3.0962,1.3826,1.7726,1
0.0783,671.6794,0.7564,0.1343,15.8993,3.4379,2.1709,-2.1714,-0.9673,-3.1400,-0.0678,1.6876,9.5579,4.6369,1.7512,3.6655,2.7902,4.0498,2.2291,2.2377,1
0.1449,970.6031,0.6569,0.1876,21.2659,11.3647,14.3933,-5.2505,-8.2101,-2.3084,-5.0083,0.0406,6.2007,4.4512,5.8339,2.3101,3.1206,3.2775,4.0004,1.9453,1
0.1247,1073.3925,0.6453,0.2357,18.6710,14.8417,6.7839,-3.5794,-3.5101,1.0202,-1.5236,-0.4878,7.2539,11.4283,3.4240,4.9754,4.7101,3.4131,2.9499,2.6304,1
0.0896,845.2228,0.7465,0.1427,28.5271,12.6593,-0.7332,1.6969,-1.6820,-0.1793,0.4720,-2.6314,6.2352,9.6023,13.6166,4.7680,5.7090,4.2356,2.5432,3.8291,1
0.1042,749.6153,0.7726,0.0957,36.1234,5.5227,-3.7426,-0.0254,0.5619,-1.2271,1.7391,-0.4160,8.7431,8.7340,11.2813,4.6601,5.8408,2.9320,3.7137,3.2888,1
0.1928,1127.9989,0.6071,0.2128,21.5453,7.1175,0.7630,2.4249,-3.4208,-0.3189,1.4903,-1.7430,13.4620,9.5311,7.3363,5.3438,5.0170,5.2087,3.8547,4.0949,1
0.1675,1129.9955,0.6241,0.2628,17.9621,18.8292,7.3594,-5.0211,-0.9091,2.4856,-3.4401,0.0153,8.8307,5.9526,3.7673,3.9666,3.6073,4.4789,3.5005,2.2436,1
0.1589,1122.7046,0.5907,0.2072,19.9922,4.6985,5.5771,-2.1623,1.5109,-0.4268,4.6213,-3.2871,7.0163,17.6807,5.4630,5.4921,5.6635,5.3756,3.5718,3.8736,1
0.0818,800.6793,0.7508,0.1319,32.3590,12.0986,4.2085,-0.3558,-0.9986,1.9669,2.6903,-1.0657,6.5298,7.9357,8.0480,3.9805,5.8979,2.5410,3.2931,2.1941,1
0.1633,1116.4120,0.6065,0.2182,20.3406,8.5865,5.1724,-0.4818,0.2230,-0.8828,0.4862,-1.0494,12.3988,13.9955,6.2515,4.1449,4.7585,2.7202,4.2033,2.2146,1
0.1197,812.0598,0.7517,0.0947,37.2663,0.1883,-7.4635,0.8572,1.4213,0.2377,2.1572,1.1004,9.0314,7.0941,8.6156,5.8899,3.6323,4.7073,2.7097,2.5023,1
