0.0972,684.8969,0.8058,0.1044,36.0764,8.7978,0.2819,-3.8070,-1.4642,-2.5546,-0.6629,5.1087,8.8118,3.7208,5.1144,3.5992,2.4755,3.1306,2.3145,3.9188,1
0.0770,695.3745,0.7785,0.1087,33.3439,8.0394,2.6943,0.5029,-1.4136,0.4645,0.9076,4.5319,11.3666,5.9702,10.8205,3.1262,3.4087,3.2288,3.6071,2.1398,1
0.0634,619.7605,0.8231,0.0752,41.6777,9.4368,-7.4170,3.6218,2.1677,-2.7970,0.8610,2.7008,8.2068,4.3903,10.9225,2.3815,2.3965,3.4401,2.9825,2.5910,1
0.1347,964.3610,0.6871,0.1845,23.3258,8.2609,2.6900,-0.6891,-0.7234,4.0842,0.1943,1.1931,11.9208,7.2851,6.1470,6.2716,3.1729,4.3008,2.8391,3.2256,1
0.0726,743.5174,0.7669,0.1206,30.4594,6.7356,-0.9224,1.1953,0.3712,-0.0384,-0.0320,1.2426,16.0013,6.0177,9.1752,4.2694,4.8552,3.5188,2.3638,2.4753,1
0.1171,938.8987,0.6887,0.1765,24.8158,8.9218,4.9282,0.2664,-0.9753,3.6464,-0.0056,1.4584,12.7075,7.6481,5.1345,6.3424,2.8479,5.1045,3.3136,2.9580,1
0.0977,905.9469,0.7077,0.1738,23.4735,10.2388,3.7977,-1.3434,-0.1542,4.4449,0.2555,0.7362,10.5377,8.4980,5.8898,5.8717,2.7424,3.6093,3.9509,2.9915,1
0.0631,540.3899,0.8334,0.0863,33.8115,10.4147,11.2755,-4.8688,-2.9569,-1.1916,-5.1408,1.4189,5.8719,2.3653,4.1748,4.1745,3.3566,2.7528,2.6773,2.2317,1
0.0818,783.1280,0.7484,0.1480,24.4080,12.2150,5.1530,-0.9972,-3.6917,0.9997,-1.6703,0.8054,4.5266,4.4788,4.0100,3.3427,2.4693,2.0475,2.8426,2.9392,1
0.0548,618.9660,0.8001,0.0981,30.1942,6.6614,2.8365,-0.7633,-1.5036,-0.3167,-0.2341,2.9376,3.9803,5.4633,4.4025,3.2746,3.3771,2.8081,2.3147,3.9947,1
0.0907,810.9467,0.7364,0.1794,21.3533,15.5328,4.8509,-2.5537,-2.2895,-1.5121,1.0567,1.7530,13.6052,4.3261,4.6070,3.6599,3.8270,2.7174,3.1671,2.9518,1
0.1139,946.5905,0.6652,0.1924,17.9855,10.4930,7.8470,-2.7048,-2.9728,4.0510,-3.4748,0.7043,5.1983,4.2592,2.7337,3.6563,3.3858,4.2203,2.0488,2.5693,1
0.1128,951.0153,0.6364,0.1758,13.7403,7.9366,11.0795,-0.4052,-6.1645,5.8836,-0.9560,-2.6472,6.2958,4.4001,3.6188,2.0239,3.4464,2.4436,2.3407,2.4094,1
0.0950,763.7674,0.7625,0.1328,34.9439,9.5540,4.3194,0.1784,1.1234,1.8594,-1.5923,2.8943,13.0175,9.9796,10.6074,5.1104,4.2519,3.1302,4.8546,3.9601,1
0.0688,795.8212,0.7281,0.1312,26.5814,8.9723,7.0501,2.2829,-1.2946,5.9352,1.2755,1.2060,9.1659,5.4367,5.8774,4.3613,4.2302,4.5271,3.5421,2.3545,1
0.0774,720.9949,0.7672,0.1032,34.9607,2.6491,3.5615,-2.0626,0.8500,3.8501,1.9738,3.8461,10.3890,8.0085,8.8589,5.8404,4.4466,3.9707,2.3851,3.6488,1
0.1100,877.7862,0.7181,0.1825,23.0047,12.2908,5.8379,-1.9365,-1.9172,5.3439,0.7770,1.8370,13.3061,6.7576,4.0008,5.1541,3.6879,3.0377,3.5067,2.1540,1
0.1641,1057.1858,0.6762,0.2493,20.0516,22.0182,3.0648,4.2580,2.6050,-0.5040,0.3731,-1.0822,12.5708,8.1592,6.0247,3.6713,3.6561,3.2040,2.7058,2.9759,1
0.2804,1332.2087,0.5966,0.2996,19.7243,13.7389,-2.9662,6.7928,-3.3397,1.9379,0.7995,1.2169,19.9618,8.5537,6.9187,4.9213,4.4374,4.2322,2.9539,3.3181,1
0.0561,732.5750,0.7642,0.1684,18.8329,19.5982,5.5756,1.0850,2.8961,-0.8623,-1.9036,0.4388,8.1532,5.7960,3.5449,3.4880,3.2280,3.0436,2.6236,3.3523,1
0.1358,968.4751,0.6697,0.2043,20.5729,10.5239,6.9071,-4.8781,-1.9943,1.3306,-2.4562,1.1232,8.7305,7.3843,3.9734,5.6969,4.7233,4.8610,3.3874,3.1167,1
0.2004,1211.2548,0.5717,0.2529,13.3852,5.7359,1.7125,-3.6004,-3.2118,5.5869,0.3731,2.8983,6.8417,7.2617,6.0197,2.8842,6.4113,3.4707,4.0066,2.6272,1
0.1268,954.8510,0.6833,0.1937,25.5429,9.4388,0.3735,1.7908,0.4744,0.0019,0.8534,1.8900,16.5767,7.3063,7.4685,7.0363,3.8452,3.4463,5.3335,3.1907,1
0.1232,876.2515,0.7036,0.1498,29.0532,7.6654,4.8020,6.0608,-1.4930,-0.2077,0.2775,0.8851,15.4965,6.2643,5.8763,5.4955,5.1445,3.5885,3.0933,2.9841,1
0.2191,1209.5857,0.5980,0.2492,20.8492,10.4468,3.0633,2.9375,-2.1052,2.0985,-1.3610,2.4460,13.2092,7.2769,6.7512,5.9821,5.1066,4.9695,4.4908,3.0369,1
0.2029,1176.2878,0.5753,0.2276,20.7642,0.4626,1.1696,-0.3496,1.5083,4.4914,0.7424,3.0264,14.7388,8.4537,8.3325,7.8868,4.4647,4.9915,3.2652,2.7726,1
0.0823,860.3581,0.7181,0.1569,27.7937,12.3344,4.6529,0.2597,0.5986,0.1708,-0.3986,1.2832,8.9705,11.7473,5.6906,6.3034,3.9118,3.9467,3.4719,4.1284,1
0.1541,865.3897,0.7249,0.1770,26.4141,12.8145,7.7283,0.8952,-2.0556,-0.2838,-2.4732,0.7573,14.7603,5.2256,5.2181,5.2044,3.1449,3.3298,2.8385,2.3929,1
0.1060,913.6520,0.6877,0.1562,27.1876,7.4430,1.2887,1.5779,2.6621,1.7937,2.0673,1.1385,6.3558,13.8381,6.9665,5.5131,4.5493,3.8563,4.7759,3.0996,1
0.1293,1058.6172,0.6440,0.1916,21.7424,6.9307,1.8312,0.7250,-4.4774,3.7722,2.6623,-0.4889,10.0731,10.5739,6.2303,4.6747,5.9504,3.0368,4.1138,4.2341,1
0.1900,1195.1818,0.5408,0.2676,10.4380,6.2872,9.3174,-1.7483,-2.9026,-1.5869,-3.4114,0.9857,8.1735,7.2529,3.6120,3.1129,3.0649,5.1021,1.8160,2.0912,1
0.1975,1246.4679,0.5534,0.2879,6.7443,11.6544,7.1859,-0.8758,-4.4106,6.4009,-2.3523,2.3485,8.4866,4.0954,2.3384,3.3761,3.4682,1.9856,2.6215,2.3872,1
0.1799,1171.8690,0.6302,0.2806,19.1723,18.7451,1.2654,0.3887,-0.9614,-1.5230,2.1543,3.0315,21.3446,10.8959,7.1070,5.4346,5.4447,3.8466,4.5400,3.1604,1
0.0558,729.3039,0.7887,0.1304,32.3205,18.9420,1.9047,1.5066,-0.4370,0.0597,2.0628,1.0656,7.3053,7.9124,7.1109,5.7748,3.6268,4.0228,2.9878,2.8257,1
0.2578,1290.8723,0.5802,0.2574,18.3625,6.9801,1.0769,-0.8092,-3.1192,7.3087,1.9989,0.4307,13.0144,9.1354,5.0695,6.3955,4.6582,3.6437,2.8106,3.8025,1
0.0718,750.7941,0.7665,0.1217,29.9193,14.0354,7.8381,-1.5550,-4.6909,3.5676,1.2681,0.2695,9.4289,10.1067,4.0683,4.5327,4.3273,5.6785,3.5515,2.3429,1
0.2235,1249.0309,0.6076,0.3170,15.7347,25.0808,5.7726,-2.5609,-1.9029,1.4337,-1.0884,2.0859,17.0597,7.3719,5.5810,4.7408,4.0990,4.9764,3.9584,2.8989,1
0.1789,1085.4618,0.6746,0.2293,25.6142,17.5068,4.1562,1.7652,-4.3286,0.4628,-0.8782,1.8725,14.1075,7.3610,5.7644,5.1984,5.6441,3.5547,3.8202,2.8446,1
0.0755,707.0582,0.7647,0.1106,32.5612,7.0438,3.9350,1.1926,-2.7219,0.8661,1.8990,0.9447,15.9069,7.0547,7.8864,4.4489,5.4421,2.8946,3.3621,2.9485,1
0.2043,1109.2914,0.6674,0.2563,23.3323,16.2660,-1.4173,4.1992,-1.8241,3.1383,2.2247,1.0181,20.7166,5.7432,9.3700,4.3470,4.6907,4.0741,3.6415,1.6526,1
0.1276,857.3470,0.7227,0.1569,29.5954,9.6450,6.1890,-4.2282,-2.2492,-1.9990,-1.2687,6.0157,11.5371,4.6621,4.7365,1.9231,3.0118,3.4474,2.7678,2.6519,1
0.2544,1362.7755,0.5364,0.3435,10.3239,15.1122,4.7143,-4.9365,-3.6289,-1.8614,-2.9661,3.8929,16.9751,7.1708,6.3526,4.7017,3.5130,4.4937,3.4874,2.4993,1
0.1550,975.6435,0.7186,0.1921,30.3584,12.3018,-1.3807,-1.8662,0.7575,-0.6584,-2.7847,1.7110,17.6594,11.2508,10.4040,3.4342,4.5994,6.1590,4.9658,3.0606,1
0.1741,1227.0204,0.6128,0.2971,15.3639,19.7377,2.0187,1.3560,1.7450,-0.0130,0.0214,1.3970,14.5952,9.1835,4.8383,4.4786,4.8990,4.8231,3.6871,2.8332,1
0.1037,922.3796,0.6985,0.1863,25.1690,11.6770,1.7692,-2.8916,0.5999,3.1642,-0.1197,2.6536,11.3413,9.0286,7.2318,7.0153,3.2898,4.4090,3.1913,3.0527,1
0.1236,769.3315,0.7368,0.0737,38.9677,-2.3798,-3.6972,4.4724,4.4690,-1.9829,-0.1719,-0.2964,9.0918,14.4032,8.9738,6.3657,4.3106,4.0041,4.7608,2.4650,1
0.1244,826.5275,0.7504,0.1699,30.2263,15.7711,5.1148,0.8835,-0.2277,-0.8724,-1.4566,2.6116,16.3228,7.9981,6.8766,4.6303,3.6901,3.1024,3.2556,2.8382,1
0.2670,1239.8734,0.6244,0.2681,23.2031,11.1837,-5.1508,-0.5737,-3.3869,-3.8281,-1.4689,3.8505,15.4199,11.6136,6.3108,4.0308,5.7714,4.3991,3.2915,3.0730,1
0.0751,710.7970,0.7680,0.1253,28.0124,9.0886,1.7285,-1.3625,0.8432,-2.2778,1.2569,3.0695,2.8519,4.6703,4.4450,2.4169,2.3466,4.2063,3.0975,2.5210,1
0.0775,820.6146,0.6998,0.1641,18.3365,6.6518,5.6408,0.4155,0.9430,-1.1351,-0.1974,-0.4205,10.3888,5.4356,3.0530,3.3906,3.2562,3.2702,3.1639,2.1052,1
0.1181,862.3732,0.7192,0.1787,25.9827,13.3194,7.6978,-2.4322,-1.0637,0.3883,-3.6200,4.0822,13.2778,4.7976,4.4059,2.5932,2.9110,5.6605,2.1971,1.7869,1
0.1794,1183.4363,0.5810,0.2765,13.5011,12.4101,6.5255,-1.1136,-1.1978,2.4245,-3.8187,2.8950,8.4247,5.8733,3.9924,3.4538,3.7785,3.5375,2.2843,2.7406,1
0.1448,1011.7789,0.6185,0.1834,22.5108,2.2538,2.0322,3.3285,1.1403,-1.4698,2.9624,2.8481,14.7229,13.4325,5.5033,7.0467,3.9487,2.5699,2.8004,4.0438,1
0.1365,935.5554,0.6715,0.1894,23.5608,9.3533,11.3320,-8.5951,-2.0135,2.4331,0.2235,2.4212,10.0807,9.0663,5.2261,5.8504,4.6741,5.7778,4.4418,3.3923,1
0.2069,1279.5951,0.5811,0.3119,15.0380,16.9644,8.9596,-5.9020,-0.5367,3.2227,-0.7009,2.0933,14.1373,8.7699,9.6736,6.7401,4.6607,4.0111,4.6094,2.7506,1
0.0757,715.4317,0.7751,0.1332,29.5267,15.7606,10.6798,-2.2698,-0.4563,-1.6204,-1.3721,1.3942,7.5837,6.5699,4.6353,3.2343,3.2367,3.5010,2.4194,2.6745,1
0.0693,695.2917,0.7674,0.0904,34.4707,6.4135,7.1478,0.9481,-3.4370,1.0802,2.9454,0.9321,6.3741,9.4672,7.3278,5.6747,6.7170,2.4834,2.4167,2.0024,1
0.1431,898.4600,0.7235,0.1767,27.8244,14.1208,5.4692,2.6063,-1.2504,0.7102,0.7453,0.2327,12.8403,7.7145,6.0577,4.5154,3.8939,3.6611,3.1474,2.4701,1
0.1061,794.0076,0.7487,0.1222,36.9959,5.8382,5.4678,1.2175,-1.5781,3.1678,-0.0973,0.5165,13.7813,16.2059,10.9147,8.0275,6.1652,4.1740,3.4650,2.4134,1
0.2238,1158.2140,0.6075,0.2632,18.0728,10.3273,4.9143,-1.0158,0.1993,-1.9182,-3.2023,1.5237,12.9712,9.0471,8.4072,5.1301,4.5813,3.7669,4.8756,2.2383,1
0.1217,863.8709,0.7318,0.1379,31.5547,5.3251,-4.4179,4.6921,-2.5585,0.0089,0.9844,0.6173,9.8191,4.3606,4.4624,3.4175,3.7666,2.3021,2.8888,2.5412,1
0.1001,787.5566,0.7467,0.1031,32.4631,5.6827,-0.9297,4.1129,-3.6726,4.9967,3.7846,-0.2794,6.4471,10.4492,5.7149,5.6946,3.1214,3.5993,4.1057,2.4625,1
0.1222,900.3010,0.7360,0.1711,29.1138,14.1070,-2.4993,-0.0209,0.1663,0.3831,5.3243,-1.1890,13.1006,5.3701,5.4211,4.1629,4.6783,3.2323,3.2379,3.4233,1
0.1649,1054.1588,0.6885,0.2092,28.7596,15.2589,-2.1001,2.7036,-2.7536,1.0068,2.2670,-0.0387,11.6921,9.4872,4.7943,4.2614,4.3583,2.3530,4.0456,2.5040,1
0.0950,652.5212,0.8280,0.0566,48.1829,1.1599,-6.4320,1.7974,-0.9645,0.9200,2.2115,0.4041,7.9826,7.9964,5.9934,3.7339,6.2100,3.0775,3.4825,2.0656,1
0.1876,1043.2893,0.7065,0.1783,32.3955,7.6953,-7.8593,7.0159,-2.2854,4.3484,0.6957,-1.7663,12.2313,9.0341,9.7009,3.9904,9.4946,3.7031,3.3339,3.0157,1
0.0793,684.8512,0.8054,0.0757,42.7836,5.7582,-3.1405,4.8211,-2.1532,2.9395,4.3143,-0.9204,7.2122,6.5419,8.5001,6.0948,6.2291,3.7344,3.8620,2.7510,1
0.0765,642.1677,0.8383,0.0808,42.2222,14.0629,-2.2709,0.5764,-2.2402,-1.7248,0.1120,0.5869,6.1369,7.8445,6.8331,5.0403,2.9682,3.2268,3.0686,3.4381,1
0.1196,769.8791,0.7676,0.0940,37.4195,3.6253,-3.5253,5.4086,0.4948,-0.8079,3.2120,-1.3977,7.8042,11.7219,5.0414,5.7496,5.3318,5.0154,4.0833,4.6249,1
0.0800,652.5535,0.8152,0.0865,38.6976,10.6354,2.7597,0.3485,-2.6791,-0.6851,-2.6393,-1.2749,6.5850,6.4945,3.5642,3.6696,2.8819,3.2633,3.0120,2.6791,1
0.1323,787.8575,0.7265,0.0859,36.3104,-2.3618,-0.8957,2.1608,-5.6145,-1.0249,2.3736,2.8928,4.8980,5.9633,7.1971,3.7484,4.3583,3.2999,2.9471,2.6348,1
0.1145,809.6613,0.7634,0.1151,33.5367,6.9277,-2.0650,0.0378,-3.2505,0.1729,0.1708,-1.7390,6.5245,7.8836,5.6122,2.5721,5.1702,4.3940,4.5456,3.6844,1
0.1077,826.4908,0.7392,0.1007,34.7081,3.9272,-5.9901,4.5054,0.2395,2.4163,4.5773,-0.7477,8.3258,13.0085,9.0285,6.6805,3.4983,2.6329,4.9623,5.3527,1
0.1066,840.8883,0.7436,0.1232,33.0928,8.1715,-0.7094,3.1873,-6.2760,1.6018,2.3064,0.0167,4.1875,5.4730,7.3856,2.9022,3.1282,2.9270,3.2173,2.8568,1
0.1816,1030.5337,0.6865,0.2082,30.6935,12.8007,-2.1698,2.5993,-4.0489,-3.4746,3.3096,-0.5126,18.5211,10.0401,5.6257,3.8541,6.3368,3.9280,3.2399,3.3691,1
0.1293,797.2052,0.7679,0.0885,38.0204,0.2180,-9.4069,1.9468,0.7944,-0.6896,5.4603,0.1789,5.4701,8.6321,5.0041,4.5816,3.8905,5.1437,3.6303,2.8502,1
0.2397,1206.4342,0.5952,0.2326,22.9042,5.0395,-6.4819,3.6236,-1.7326,-1.6092,6.2813,-0.6849,14.3403,15.9451,6.4388,4.9983,4.2324,3.8384,3.5689,2.7773,1
0.1105,798.8456,0.7490,0.1006,34.4515,2.8855,-1.2475,1.2877,-3.9590,0.4944,4.4650,1.1166,6.1664,8.9686,3.6889,6.0869,3.9238,4.4608,2.3114,2.7643,1
0.1371,871.8066,0.7117,0.1193,32.8400,2.5140,-5.2143,3.6833,-3.7032,-0.0521,3.6053,1.8132,7.4021,4.8054,3.8586,2.4737,5.3596,4.7147,3.6984,5.0798,1
0.1103,761.6395,0.7656,0.1053,37.4812,6.9164,0.3581,1.5491,-5.9351,-2.3588,-0.2841,4.2731,7.6084,3.5182,5.5072,3.3689,4.4220,2.8364,3.2530,2.8703,1
0.1187,746.8788,0.7874,0.0893,36.9080,2.7166,-7.0956,4.9624,0.8470,0.7802,2.0376,1.5490,6.9152,6.7871,4.7712,3.2861,5.1384,4.8128,5.2614,3.5388,1
0.1692,1129.8605,0.6415,0.2287,22.0537,13.1941,-2.1890,4.5910,-4.5060,1.1711,2.0359,-1.1017,7.0321,7.7048,2.7933,3.5552,3.6240,2.7568,2.1949,2.4155,1
0.1617,934.5896,0.6933,0.1351,33.2723,2.2825,-7.4583,4.4132,1.9427,-1.1743,2.7616,-3.2711,11.3033,16.1784,4.9766,6.0120,5.1745,4.5355,3.5743,3.5599,1
0.1203,830.3321,0.7122,0.1086,33.9340,2.9376,1.9315,4.7070,-6.7091,-1.8208,1.3749,-0.0178,9.9854,9.1930,6.5454,3.5691,4.1824,2.7312,3.7037,2.1867,1
0.1003,688.1395,0.7984,0.0702,41.3830,2.4354,-2.5391,3.5246,0.1008,-0.6420,1.4456,-0.7752,7.1830,5.2269,6.8295,3.7574,6.4717,2.9333,3.1176,2.4088,1
0.1114,801.5916,0.7518,0.1076,36.7668,5.8986,-7.2533,6.5244,1.2450,-2.7249,-1.3361,-0.5137,8.9844,8.4753,6.3576,3.8897,6.8313,3.3640,4.2127,1.8352,1
0.1288,819.1417,0.7196,0.1012,33.1645,1.6039,-1.4829,2.0622,1.8955,-2.1405,2.8762,-2.4031,7.5841,8.7819,6.2182,3.6499,5.9004,6.8263,2.3799,3.3889,1
0.0998,847.2786,0.7266,0.1358,30.2526,9.4850,4.3565,-1.1732,-0.8667,2.2470,2.9472,-2.7884,7.0708,6.4421,6.1738,3.0418,2.9530,3.2100,3.0033,3.1588,1
0.1134,747.7408,0.8033,0.0807,39.7530,1.4814,-7.4214,-1.3764,-0.0403,4.6756,4.3672,-2.1997,8.2266,5.3066,5.6068,4.4647,5.0620,4.5766,3.8838,3.9581,1
0.1619,1090.3990,0.6468,0.2083,23.6673,7.2847,-0.9365,5.4700,-4.2716,2.1167,3.0568,0.2864,11.4922,5.0591,7.5567,8.0549,2.7596,4.6367,4.2065,2.8181,1
0.0985,714.7035,0.7601,0.0938,33.8374,1.7685,5.0963,-0.6959,-2.6764,5.1660,2.9972,0.2643,5.2490,4.9507,3.3850,2.4330,2.9266,2.6233,5.7191,2.2326,1
0.1389,1024.6705,0.6491,0.2031,20.0256,9.2718,6.8660,0.5266,-2.3751,9.2013,-0.2736,1.4564,11.2861,4.8623,2.3532,3.9385,2.7953,1.9471,2.4540,1.6917,1
0.0701,700.1656,0.7970,0.0993,35.7088,11.6133,3.2060,-1.5276,-2.0639,1.7485,3.8269,0.3303,5.4012,6.4575,3.0497,4.0469,4.2031,4.3089,2.6843,3.1056,1
0.1115,794.5540,0.7389,0.0961,32.7042,0.5497,4.0261,1.4759,-2.2160,5.3061,0.2477,-1.8174,7.0781,11.8061,2.6940,5.0700,4.8044,4.3357,4.0071,3.7996,1
0.1216,839.8522,0.7100,0.0924,31.4362,-3.3875,-0.1081,5.6992,0.0924,4.9412,3.3166,-3.5725,9.6475,12.7284,6.4692,6.6232,5.8823,3.8313,4.3844,4.0144,1
0.0714,700.2202,0.8092,0.0994,38.5604,11.6049,1.8644,-1.5018,0.2061,3.0841,3.4417,0.0364,7.1306,6.7236,5.9538,3.8994,3.8932,4.0531,3.0165,1.7754,1
0.1155,856.5353,0.7167,0.1195,30.9815,3.0361,0.4842,0.2675,-4.4970,4.9640,3.4318,2.7218,7.1465,5.6193,3.4428,3.0759,4.2119,5.1419,3.5859,3.4436,1
0.1167,790.8048,0.7116,0.0855,35.9383,-0.0214,3.2371,-0.3602,-4.9990,3.9229,0.0767,1.8726,10.8920,12.0632,5.1707,6.3470,6.8642,4.3922,2.2711,1.9766,1
0.0714,623.8326,0.8004,0.0827,34.3876,9.0095,9.2562,1.2992,-2.4663,4.3408,0.6783,-2.5070,3.9558,5.0735,3.6313,2.5444,3.0605,2.7662,2.4128,2.6690,1
0.0969,684.1780,0.7695,0.0771,36.9315,1.4956,1.2999,2.8493,-3.8745,0.3729,1.3570,0.9275,5.2620,3.5106,4.3362,1.7626,3.6999,3.2210,2.2474,2.1958,1
0.1190,714.1053,0.7673,0.0725,39.2224,-0.1305,2.8610,-0.4849,-4.8887,1.4275,0.1303,-0.7585,4.9047,7.6814,3.9850,4.6040,2.0737,3.9724,3.6635,2.2991,1
0.1557,1086.5531,0.6247,0.1893,19.5031,4.0735,-0.2281,-0.2959,-4.9873,5.7276,0.9844,0.5744,2.9024,3.8199,2.5180,2.5428,4.2136,3.4022,3.6681,1.8744,1
0.1547,971.2770,0.6788,0.1579,26.1231,4.4413,-1.9808,4.3722,-0.8244,2.6165,1.3234,-1.5566,9.3866,11.1247,7.8663,3.2403,4.3140,3.1542,4.7728,3.1638,1
0.0990,773.0778,0.7648,0.0795,37.8295,0.1839,-4.9350,3.3221,-0.5429,4.5880,2.2199,-0.7545,5.4650,8.3182,10.8106,6.0545,7.1065,3.3845,3.0134,2.5602,1
0.1653,978.3495,0.6976,0.1745,31.0898,10.7617,0.2796,1.7339,-4.0749,-0.0429,-1.9685,-0.0964,17.6817,3.9770,4.0435,3.3764,4.8852,3.5926,4.3496,2.5758,1
0.1433,963.1440,0.6836,0.1415,29.5505,3.5404,-5.7044,1.9850,-0.2469,2.5637,0.4542,0.5812,12.4901,6.6335,5.8153,3.3005,2.9613,8.4725,3.7723,3.2190,1
0.1435,974.5004,0.6959,0.1515,29.5465,4.8565,-3.8032,3.2649,-3.1494,6.0808,4.4057,0.9730,10.2742,9.5381,9.5661,3.7976,6.2671,3.4478,3.9159,4.5142,1
0.1264,1037.7723,0.6716,0.1958,25.4113,10.9847,-2.7145,0.1838,-1.5224,3.0013,3.4935,0.9989,8.0897,9.1026,3.3607,5.7173,3.6460,3.9153,3.0778,2.1900,1
0.1508,999.4996,0.6724,0.1764,29.1907,7.2143,5.0932,-3.6748,-5.1869,4.9265,-0.9417,3.0731,12.1058,5.4443,7.2933,4.8871,3.1873,3.7222,2.7857,3.3490,1
0.1270,870.5038,0.7098,0.1208,33.1441,2.3790,1.7496,0.8524,-5.9114,3.4902,2.5945,0.0191,10.1385,4.1033,7.1392,4.4838,3.7534,4.2793,4.1065,2.4737,1
0.1343,807.8661,0.7383,0.0999,33.9161,1.7566,2.9290,-4.5209,-6.9007,3.5995,-1.6611,-1.0879,8.6824,4.5379,4.0829,2.7111,3.2810,5.5955,2.9338,2.3967,1
0.1854,1165.8422,0.5820,0.2147,18.9810,3.6124,3.5189,-1.4847,-5.2969,3.2061,0.9658,-1.7552,12.5004,10.2739,3.8539,3.9175,5.4506,4.4621,3.7918,2.9897,1
0.1832,1072.6633,0.6075,0.1559,25.5089,-4.4359,0.2005,3.0060,-0.8140,2.4219,3.3218,-1.6949,17.4674,13.9879,7.1310,6.3208,7.4010,3.5980,2.7464,5.9307,1
0.1342,949.7205,0.6747,0.1275,29.9329,1.5513,-0.0534,2.8145,-3.9504,5.9630,2.2941,-0.8501,10.9386,10.2634,6.8774,6.4285,3.7364,6.6250,4.6441,3.9121,1
0.1024,867.2154,0.7266,0.1520,32.4001,11.0386,0.3876,0.2118,-2.8828,-3.4196,1.3540,1.6401,12.4428,10.7071,5.2188,5.8621,2.6960,2.9289,2.3111,3.6071,1
0.1305,874.6725,0.7062,0.1298,32.8623,5.4341,1.8378,0.2717,-2.8455,-1.2343,-0.7736,4.2339,9.3521,9.9099,5.0159,5.2429,6.2466,5.1704,4.6726,2.4760,1
0.0878,703.2685,0.7891,0.0903,38.5595,9.3453,1.1230,3.1425,-3.3142,-0.5415,-0.0954,-0.6298,10.1002,7.0202,7.7886,4.3763,3.5637,3.9837,3.6850,3.5573,1
0.1072,887.6187,0.7212,0.1489,29.3718,9.8506,3.9717,-3.1416,-8.1604,0.3868,0.2591,0.6464,9.9029,8.2192,5.2946,2.9920,3.1693,2.6526,3.2249,2.8330,1
0.1333,901.4000,0.7075,0.1735,27.3108,11.5918,4.7670,-3.3684,-2.1018,0.0048,-0.3158,0.5010,12.2792,7.1076,4.8507,4.9133,3.1809,3.4805,2.1138,4.3099,1
0.0905,626.2814,0.8066,0.0721,37.9822,3.6875,-0.5254,0.2108,-1.6849,-0.0479,-0.1303,1.5831,3.3949,3.6103,3.3610,2.1569,3.4320,2.1831,3.2129,2.0783,1
0.0944,738.6852,0.7460,0.0995,32.3325,1.8875,5.8443,-0.5926,-1.0080,4.5819,2.9897,2.6967,4.8282,4.2445,3.9615,3.4844,3.4239,2.6765,2.3295,2.2632,1
0.1617,979.3801,0.6264,0.1644,21.7755,-2.9588,7.7617,-2.4323,2.2785,4.9721,0.3595,1.8748,3.1521,6.7533,3.2047,4.2480,2.4911,2.1199,3.2343,3.3906,1
0.1506,1022.8303,0.6257,0.1999,17.9957,6.0186,6.7508,-0.9928,-2.0376,4.1794,-0.8810,2.2588,3.9729,5.4700,5.8277,4.5822,4.2287,2.4576,2.4873,2.7459,1
0.1686,1042.2507,0.6326,0.2030,19.2588,6.9267,3.2006,0.5945,1.2896,4.1662,0.3659,-0.7214,9.4199,8.6108,3.9950,2.7263,2.8148,2.8671,1.9771,3.0175,1
0.1314,844.8738,0.7091,0.0966,33.9527,-1.3702,-1.9289,4.2336,0.6653,6.1525,0.2841,-1.6536,7.4499,10.1411,7.5773,7.2164,5.7118,4.4800,3.4171,2.5553,1
0.0795,702.6605,0.8023,0.0959,38.6541,10.2742,3.5444,-2.5697,-2.1232,3.2085,1.1381,-0.3267,8.2890,5.2159,4.8484,3.8475,5.1370,3.1194,2.5941,2.5558,1
0.0972,709.4579,0.8136,0.0703,42.3284,2.2659,-6.3826,-2.5274,1.3660,4.9657,2.7454,-1.3501,9.9321,8.1205,9.5510,3.7452,3.1018,3.2733,4.1798,3.5042,1
0.1896,1044.4976,0.6597,0.1565,28.5944,-2.1218,-1.7534,5.4913,-0.8314,8.2366,1.7596,-3.0579,13.2352,14.7537,6.3612,5.9943,6.4496,4.3355,2.9199,4.1093,1
0.1012,721.8558,0.7799,0.0892,37.0582,6.1925,-1.2754,0.5099,-1.7833,3.4094,-0.3074,0.0404,12.1315,11.4770,7.2764,4.6303,3.4867,3.7729,3.1535,3.0063,1
0.1098,787.4885,0.7050,0.0994,31.4486,-2.3196,0.0859,5.0053,0.8086,2.4177,-1.2791,1.5630,9.5436,11.1654,6.3556,6.0071,5.6373,2.5853,2.4213,2.5183,1
0.1687,1022.2463,0.6669,0.1675,24.5996,3.7331,0.5773,-4.0756,-3.2120,5.3213,-2.4921,-1.3881,7.0583,4.5578,6.1488,4.3901,3.6339,3.2687,3.2882,2.8427,1
0.1719,1066.7927,0.6012,0.1632,21.7904,-2.9313,4.6870,-3.5351,-3.4001,7.4616,4.4422,-1.0671,6.9079,5.3356,1.9530,3.2877,4.4408,5.4492,2.9937,2.4638,1
0.1646,993.6362,0.6478,0.1184,26.8935,-5.4787,0.2122,-4.2655,-5.6813,8.3060,2.7474,-0.3383,7.2304,7.7626,4.1737,4.0421,3.9978,4.7305,2.0728,3.3028,1
0.1377,833.8575,0.7257,0.0789,38.0155,-7.3605,0.2556,-3.1537,-4.7379,5.8775,2.4499,0.3241,9.7099,9.9361,5.2833,5.5141,6.2793,4.3796,3.8539,4.0025,1
0.2101,1136.5800,0.5685,0.1827,22.0311,-3.8668,4.9528,-0.5464,-1.5603,6.5210,3.7440,-0.8137,14.5255,13.2454,4.3019,6.6024,5.4795,4.7632,2.7559,2.2807,1
0.1098,776.4725,0.7679,0.0905,36.9798,4.2146,2.2522,-2.8888,-4.3832,2.8464,1.8951,-2.6235,8.2699,7.3083,3.1674,3.1645,3.1562,5.9665,2.7890,4.2628,1
0.1293,853.5159,0.6902,0.0983,34.3859,-1.1238,5.2558,-1.8831,-7.4268,1.9718,-0.6824,0.3245,7.7953,13.3827,4.3856,5.2981,5.0819,3.8163,3.2062,2.5231,1
0.1342,804.0327,0.7092,0.0932,33.5266,-1.6270,5.7785,0.2984,-6.1425,0.7920,3.4661,1.7697,8.5712,4.4763,2.9341,4.9709,4.5956,2.7917,3.0114,2.6649,1
0.0874,656.1230,0.8276,0.0764,41.9045,7.9530,-0.8169,-2.6864,-1.1725,2.3528,-1.9860,-2.6683,11.3515,4.9030,6.9733,2.9759,2.2071,2.7024,2.9538,2.1696,1
0.1024,782.0686,0.7294,0.1035,30.6858,1.3332,3.7119,1.0439,-3.2373,3.8007,2.2876,0.1405,3.8726,3.5764,3.4120,2.7331,2.5803,2.6372,3.5988,2.3797,1
0.1421,971.4252,0.6251,0.1552,20.1095,-2.8369,2.8750,1.1543,-3.5066,2.9886,-1.3673,0.2395,7.7711,6.7962,4.1143,1.8692,2.1417,2.1527,2.4274,3.4553,1
0.1712,1121.8201,0.6192,0.2409,16.4904,9.5747,3.5133,-1.1697,-4.5472,1.6220,-0.0534,1.5767,13.7437,8.3143,4.6206,2.8999,3.4760,4.7123,3.0643,3.2680,1
0.2259,1208.2953,0.5850,0.2239,20.3997,0.9218,0.6299,-5.0654,-4.9857,5.3430,0.7852,0.1091,16.9444,13.3691,2.8494,3.7988,2.8249,5.3085,3.9585,2.9478,1
0.1408,883.5213,0.6828,0.0871,32.2731,-6.7436,2.8689,-1.7816,-3.4264,9.4009,3.9173,-1.2788,6.3759,12.7399,3.5646,5.3248,7.1187,5.2907,2.6564,4.0491,1
0.0940,777.3863,0.7514,0.0998,34.7092,5.8804,4.0864,-0.9025,-5.4012,2.4277,3.1477,-1.5655,5.6697,7.6219,3.8874,3.1371,4.1208,4.3815,3.6250,2.7858,1
0.1832,1057.0994,0.6564,0.2013,26.1701,7.7731,2.8145,-2.8486,-5.0310,3.1108,-1.8586,2.8239,13.2210,10.1018,6.6703,5.7930,5.6481,4.6733,3.9348,3.5353,1
0.1934,1038.5615,0.5819,0.1365,25.9454,-5.4994,3.6731,0.4749,-5.0229,5.6269,0.9829,3.9601,9.6230,9.9849,8.7197,7.3523,7.0824,2.7794,3.6038,3.4767,1
0.1106,778.8569,0.7241,0.0695,40.1899,-8.6580,4.0910,-1.3470,-3.1579,6.5888,1.5269,3.0559,9.4272,13.2655,6.1605,3.4843,4.0743,5.5191,2.9071,3.2887,1
0.1031,759.5829,0.7485,0.1004,32.9871,1.0796,3.2713,-0.2625,-1.8739,5.4544,-2.3042,0.3205,9.4584,6.2541,5.9365,5.3146,3.9795,4.0184,3.4367,3.5142,1
0.1100,836.0721,0.6820,0.1298,23.8583,-0.6800,5.2780,-0.2794,-2.6703,1.0172,0.1846,1.9118,5.6274,7.3457,4.4035,3.7617,4.7518,4.4082,2.3279,3.3876,1
0.1782,1063.0453,0.6173,0.1869,21.0146,-0.2395,0.8937,0.8366,-0.6393,3.7539,0.2751,0.1354,11.9233,10.5869,5.5466,2.9995,4.9436,3.9398,2.2292,2.1443,1
0.1085,780.6165,0.7419,0.0978,35.3113,3.4398,3.4577,-3.3159,-4.1693,-0.3519,0.8052,1.4513,7.7123,8.8566,5.6966,5.2842,4.0259,3.7543,2.7590,2.2347,1
0.2063,1182.3413,0.6044,0.2623,19.7996,9.7756,3.8933,-7.2544,-3.1219,1.7223,0.2968,-1.2324,17.0194,7.8496,5.2889,4.8247,5.0901,4.9548,3.7181,3.4852,1
0.1167,829.0446,0.7429,0.0798,35.8983,-5.9402,-5.3281,-1.6011,0.4464,7.1618,4.3054,-0.4092,9.1099,10.9026,7.5151,7.4380,5.5483,5.3789,4.8662,4.1120,1
0.1261,869.1869,0.6930,0.1022,31.1230,-2.4460,2.3553,-0.4386,-2.9624,6.4164,2.5239,-0.7094,9.0981,11.0795,6.7743,6.6713,5.5599,4.2329,3.2137,3.1604,1
0.1675,1020.2265,0.6366,0.1435,27.2536,-1.3009,1.3900,3.9262,-1.2626,8.6834,0.0325,-1.8354,13.1043,12.3168,5.9439,5.3673,5.7132,4.3620,4.0652,2.7028,1
0.1285,845.8055,0.7054,0.1060,31.8080,0.1176,-0.4858,3.2987,0.6256,1.7290,-1.8854,-1.8239,9.4907,12.3780,6.1107,7.0948,4.5599,3.9959,2.8294,3.8512,1
0.2009,1010.3773,0.7000,0.1790,30.0295,8.7537,-1.5408,0.9398,-4.2656,6.0800,-0.8224,-3.3915,16.9451,6.1429,9.1790,6.9658,6.4798,4.5186,3.3463,2.3876,1
0.1302,816.9519,0.6971,0.1016,30.7669,-1.3104,6.6287,-0.6492,-5.8788,3.9829,-0.8563,0.9045,4.5096,3.9852,3.9875,6.1089,4.1670,3.2750,2.5126,3.5185,1
0.1192,767.1579,0.7375,0.1015,35.6577,3.1369,8.1151,-1.7719,-10.6724,1.1766,-2.5665,2.8474,4.2663,5.0973,8.2595,4.8256,5.3411,4.7125,2.9518,3.5011,1
0.1579,891.2455,0.6747,0.1134,30.4143,-2.8196,6.1373,-5.6696,-5.3584,1.1804,-0.1383,0.1712,6.2425,7.0139,5.0091,3.2956,5.9493,3.5198,3.7436,4.2440,1
0.1502,948.4545,0.6648,0.1444,26.0144,2.2180,3.4287,-1.9724,-8.8209,1.1639,-0.9992,1.9073,5.2733,4.7044,3.5576,3.8332,3.7222,2.6747,3.9336,2.0380,1
0.1683,944.1010,0.6583,0.0941,32.4012,-9.7481,-3.1120,-1.5161,-5.7034,3.1593,1.7698,1.5284,11.0731,8.4394,11.1300,4.3233,6.7350,5.1080,3.6055,3.2300,1
0.1458,874.4309,0.6781,0.0916,34.8959,-3.3252,5.2850,0.5940,-5.2839,7.4789,3.4518,-1.0834,13.0677,12.1177,5.4038,4.1092,5.7134,6.9382,4.4963,2.6323,1
0.1042,728.4839,0.7710,0.0694,40.8394,-2.3663,-2.3666,2.0934,-2.2318,3.9892,3.4044,0.9720,9.3261,8.0769,9.3098,2.9351,4.5447,3.4510,4.8386,4.2673,1
0.1332,919.0710,0.6960,0.1542,30.0784,5.9680,5.2023,-2.0548,-3.3117,4.5545,-0.3342,0.4007,14.8341,8.2681,3.6611,3.3594,3.1162,5.2171,3.4261,2.1515,1
0.1184,851.0048,0.6608,0.0627,38.3556,-10.7463,6.3014,2.0632,-8.3879,7.0958,5.1319,-0.8426,11.3996,11.2236,5.5268,5.6351,6.2860,5.4937,3.9785,3.3153,1
0.1396,928.3619,0.6439,0.0888,29.5288,-8.4973,4.8010,-2.3746,-3.4808,10.4935,3.0127,-1.3706,6.1934,10.3424,5.6491,8.0169,4.2205,5.7441,3.6532,3.5199,1
0.1178,818.9070,0.6989,0.1262,26.3168,4.2379,11.0986,-3.0010,-4.3511,2.9633,0.3296,-1.8810,4.1154,4.8145,3.4093,6.0098,2.9751,2.8904,3.7952,2.8899,1
0.1004,752.5955,0.7315,0.1120,29.1024,4.0965,8.4063,-0.0092,-1.1522,2.1805,0.1782,0.2606,5.9906,5.0051,4.6231,4.4501,3.4207,2.7704,2.7264,2.9700,1
0.1188,840.2370,0.7052,0.1277,27.2816,3.2938,2.8811,2.0976,-1.9366,4.2061,3.7853,1.1668,8.6436,3.6629,4.5622,3.5540,3.7251,4.4009,4.7071,3.6640,1
0.1783,1088.8970,0.6257,0.2012,22.8640,6.3778,0.6560,0.5775,-5.7691,2.8714,0.0587,0.9975,16.2401,6.0341,5.8371,2.6313,4.8716,4.1618,3.0152,3.5275,1
0.1264,893.5356,0.6984,0.1112,32.3164,-2.2298,-3.6789,3.7866,-2.1853,4.6249,3.0984,1.3763,11.1971,8.2724,8.3360,7.1213,6.5579,3.2540,2.6955,4.0573,1
0.1501,901.0932,0.6918,0.1185,31.6286,0.4545,4.5870,-0.8940,-6.4748,6.0514,3.4632,0.7249,7.8668,7.4064,4.5336,3.3673,3.2865,5.7989,2.7028,4.9178,1
0.1430,912.2092,0.7017,0.1212,30.7130,-1.7349,1.4587,0.3065,-0.3822,8.5853,2.5782,0.1502,8.3860,15.2815,5.1844,6.0232,5.9404,4.2459,2.6472,3.6681,1
0.1187,819.5649,0.7185,0.1108,30.8828,1.6623,2.3455,-0.4231,-1.5461,5.5250,2.7835,1.3630,6.4816,8.5523,3.3294,5.5003,4.4534,2.5722,2.6767,2.5152,1
0.1371,860.3502,0.6946,0.0904,34.7288,-4.1663,4.8414,-2.5989,-7.2550,5.6671,1.6577,-0.2591,10.1498,9.0183,3.0738,4.0245,5.6144,3.7957,3.8880,3.6217,1
0.1952,1054.9989,0.6455,0.1942,27.8985,5.1039,-0.9688,-0.0895,-0.8222,2.9639,2.8367,1.3138,21.4190,9.3832,7.0476,5.5585,4.2790,3.6023,4.3153,3.8750,1
0.1539,916.7173,0.7256,0.1573,35.7606,8.8649,3.4648,0.3009,-6.1478,3.8552,3.4848,-0.6299,18.9540,8.8533,6.1710,5.9989,3.5771,2.9317,3.5871,2.4426,1
0.0891,699.6127,0.7761,0.0768,39.4530,2.5470,3.1242,0.6507,-0.0849,2.8258,4.1215,2.2274,8.9246,11.0983,6.8600,5.0930,7.2009,4.0495,3.6455,2.7774,1
0.1502,861.9570,0.6698,0.1035,29.7069,-3.2326,6.8472,0.2603,-6.0527,1.5816,2.0384,1.5482,4.9372,3.9677,3.6962,3.8363,3.9475,3.2681,2.9938,3.8097,1
0.1590,962.0799,0.6588,0.1433,27.2992,0.4691,1.8186,-0.5493,-5.8717,2.7071,-4.7360,0.7566,7.6963,5.7745,4.1402,3.3627,3.8193,3.5331,2.3388,2.9350,1
0.0939,751.3004,0.7754,0.0917,36.2702,5.5696,2.6855,-3.1333,-5.5021,0.1343,1.6256,-1.2970,7.2646,8.3382,6.0383,5.7502,4.2151,4.9615,3.1506,3.5275,1
0.1453,910.3815,0.7070,0.1237,33.9838,1.7847,-3.3250,2.5843,-4.6909,3.5664,2.7934,-0.4442,11.4772,8.2876,5.4587,5.2251,3.9249,2.7944,3.3048,3.2732,1
0.1114,826.7646,0.7514,0.0976,37.0705,0.2986,-2.9149,-0.2083,-4.9651,3.0170,4.9132,1.0138,10.2090,7.9891,4.3533,4.1268,3.4803,4.7749,4.4068,4.3773,1
0.1738,1001.5201,0.6382,0.1317,32.8881,-4.2350,4.7088,-0.0469,-10.5616,4.3155,0.5957,0.8962,11.8933,11.0404,7.0971,4.1100,5.6485,3.8619,3.2308,3.8049,1
0.1477,953.5890,0.6905,0.1429,31.2867,1.5936,1.4662,0.8950,-4.6638,8.0267,4.1959,0.7676,14.6126,8.5479,3.6210,4.9871,3.0723,4.7151,4.6300,2.6264,1
0.1677,920.2856,0.6510,0.1233,32.5358,-1.6153,7.3619,-2.0043,-4.2344,6.1690,0.0330,2.0665,19.0804,8.7761,8.2461,4.3085,5.1861,5.0085,2.7809,3.2874,1
0.1644,1016.4132,0.6702,0.1895,25.6884,8.4848,5.5912,0.8537,-3.6494,4.5105,0.0140,1.6319,10.1374,4.9538,6.8109,7.4817,5.3641,3.6011,4.2270,2.8047,1
0.1115,727.3569,0.7573,0.0823,36.9416,0.0876,4.7198,-1.1858,-3.2847,2.0113,-0.4096,3.6017,5.4257,7.9806,6.8205,3.1018,2.3848,2.1236,3.1010,3.2083,1
0.1341,880.5339,0.6937,0.1248,28.0453,0.7603,5.1494,-4.3699,-7.1349,6.4748,1.8155,3.3494,7.0869,4.5079,3.0025,5.0728,2.7060,3.4257,4.3867,1.8047,1
0.2356,1262.7551,0.5554,0.2696,14.4305,10.1627,5.1228,0.5135,-3.9853,6.6297,-1.2975,1.1645,10.7730,7.4562,3.9777,2.7868,2.5473,4.3271,2.1464,2.0665,1
0.1205,775.8033,0.7660,0.0969,38.9672,3.6831,-0.6593,3.2414,-3.4926,3.4604,1.5352,0.4407,12.3426,7.8082,7.1077,5.0285,7.0165,5.5921,3.8108,3.7236,1
0.0808,674.3702,0.8087,0.0737,43.2332,4.8182,-1.3523,-2.1216,-2.7059,0.3737,-0.5739,-0.7430,9.0388,7.3400,6.7766,4.4472,4.4802,2.4618,3.1850,2.8632,1
0.1235,865.7703,0.7144,0.1262,30.7786,3.8123,1.8829,-1.1485,-4.4012,2.6614,1.6354,-0.6985,8.9327,6.8267,3.7940,3.7634,4.1946,4.5105,3.5514,3.4201,1
0.1573,947.5572,0.6899,0.1448,31.8441,2.9417,0.4796,3.2040,-2.6571,5.3402,-1.0645,0.7408,16.3251,8.4753,7.2547,4.9874,6.5916,4.9490,3.2033,2.5060,1
0.1177,831.7505,0.7432,0.1052,35.2584,0.2981,-4.0850,-2.6557,1.8212,4.0040,2.3965,1.7416,11.7544,10.5801,8.7114,5.9345,5.2548,3.0312,2.1797,2.9223,1
0.0820,693.8030,0.7810,0.0641,41.5223,-0.3713,1.4488,2.1167,-3.7858,7.1408,4.8684,0.0104,6.2949,11.3321,3.3011,5.9876,5.4317,5.1214,3.5101,2.9723,1
0.0983,776.4219,0.7298,0.0893,35.2579,-1.2980,2.4623,4.0347,-0.2466,8.3524,2.7769,1.6971,8.0006,8.5153,4.8625,5.0352,3.7622,3.4927,2.6530,2.7388,1
0.0998,702.1534,0.7604,0.0693,39.8229,-1.0371,2.3759,3.4589,-0.8413,3.4219,-1.1549,1.4909,6.5441,11.3346,8.5094,4.9243,7.5502,2.1867,3.5163,2.5024,1
0.1337,875.7551,0.6948,0.1352,27.4027,5.0381,7.5822,-2.6254,-6.6229,3.2270,-1.6446,-0.4772,11.3913,5.2677,4.3143,5.5122,2.9530,5.2727,2.7047,1.5004,1
0.1915,1171.7335,0.5685,0.2287,16.0641,3.7654,6.1454,-0.8514,-4.0060,7.4674,1.2380,1.3464,13.0965,5.0067,4.8704,3.9177,4.6202,4.7025,3.3274,2.8223,1
0.1336,769.3448,0.7556,0.0659,41.5781,-2.7712,1.2021,-2.2090,-5.8295,3.5606,3.2855,-2.2835,9.7657,10.7311,7.3092,5.2607,6.1047,4.0847,3.2838,4.8941,1
0.0946,691.4362,0.8228,0.0680,43.2201,2.7682,-4.1444,-2.6308,-3.1989,3.6901,3.3586,0.4735,10.1181,9.2185,6.9578,3.2769,3.4274,4.3559,3.2416,4.2728,1
0.1959,1032.2317,0.6646,0.2199,27.7356,10.0476,3.5774,-5.2983,-1.9951,-1.2211,-0.2130,0.7897,25.3604,4.7641,5.5192,3.8114,3.9821,2.7913,2.9179,2.0828,1
0.0842,770.2733,0.7758,0.1133,36.1385,9.3293,1.4524,-2.1226,-2.3157,4.2630,1.1988,0.7340,10.6673,5.7057,3.0814,5.3198,3.7022,3.8533,2.7416,2.1643,1
0.0801,727.4681,0.7764,0.0786,37.7933,1.8804,3.3275,-1.1265,-2.1051,10.2395,3.6836,-1.3881,8.2302,7.3664,3.2154,3.6571,4.5445,4.4999,2.4372,2.7358,1
0.0920,767.3326,0.7622,0.1295,31.9697,9.8110,3.3413,3.5521,-1.3020,4.1637,0.6633,1.9974,11.5382,5.4878,4.8576,4.3975,4.3050,3.2935,3.2811,3.2250,1
0.2426,1275.7095,0.5796,0.2802,17.1374,8.8425,1.3656,0.5568,-2.7863,6.1919,-1.5086,-0.5914,18.3475,8.3547,5.7900,3.2942,3.2499,3.6498,2.9895,3.1263,1
0.0903,712.0439,0.7567,0.1038,30.9564,7.0884,8.8561,1.4400,-3.5230,1.1885,-0.4401,0.8967,3.7564,2.2855,2.2574,2.9651,2.2985,2.2566,1.5890,3.1627,1
0.1114,823.1756,0.7089,0.1202,28.8722,3.0735,4.9640,1.8432,-3.1097,2.3259,-1.3159,1.7566,9.3384,4.6725,3.3114,2.8447,2.3362,5.5248,2.6713,2.6848,1
0.1681,976.6442,0.6238,0.1197,26.4829,-6.0420,-0.1161,3.1955,-4.3136,6.3056,1.2936,-0.1289,9.7324,9.2124,9.0172,4.9566,5.3121,5.5610,3.1740,4.3972,1
0.2056,1076.0052,0.6535,0.1585,30.9455,-2.5519,-6.8855,1.9710,-0.5472,6.2370,-0.5829,-1.1495,15.8215,10.9720,11.1354,4.2883,7.8279,4.2418,3.0525,3.4372,1
0.0756,577.9781,0.8718,0.0493,51.0108,4.8755,-3.5831,-3.0221,-0.8133,3.1743,1.0375,1.3231,7.7260,4.3860,7.6540,2.7494,3.8967,2.8425,2.9378,1.5534,1
0.1531,927.6819,0.7261,0.1489,35.6407,6.3475,-2.6528,5.2027,-1.8756,7.2256,1.9454,2.3757,17.7399,6.5933,8.2590,4.5937,6.1234,3.8316,2.2895,2.5480,1
0.1053,849.7923,0.7217,0.1385,33.6348,5.4900,1.8613,1.2410,-0.0105,4.5171,0.5179,1.9050,18.1827,7.1532,4.8474,5.1783,4.4480,4.6838,2.9037,2.5660,1
0.0783,686.4233,0.7763,0.0733,39.0398,0.6138,5.8502,0.9820,-3.1808,6.3074,1.5276,-0.8374,8.9658,10.0015,5.8333,4.3250,2.9162,4.5248,3.9552,2.9567,1
0.0948,683.2407,0.7771,0.0806,36.1337,1.0064,5.0367,-2.0951,-4.7682,2.3254,3.7861,1.0088,5.3350,5.6702,3.5268,3.3134,2.8345,2.5831,3.1372,2.0428,1
0.0557,552.8779,0.8236,0.0690,35.8612,3.8520,5.1797,3.4253,0.6089,3.6728,3.0470,1.0675,3.6252,3.6416,1.6565,2.4606,2.9916,2.9399,2.8250,2.4471,1
0.1095,746.9650,0.7279,0.0857,32.7206,-3.6048,6.3041,-0.4143,-5.0492,3.5994,5.0604,1.9728,5.4583,5.2796,4.1634,4.2952,2.8792,3.8098,3.3984,2.8739,1
0.1375,893.0369,0.6957,0.1387,28.2779,2.1943,4.3994,-1.5065,-4.1895,5.9339,0.1441,2.7076,10.7023,4.1271,3.0706,3.6605,5.3507,3.3543,3.1499,3.1622,1
0.2622,1273.8468,0.4841,0.1830,14.7415,-7.3939,4.0561,-1.2561,-5.8106,8.1983,3.6456,-1.2699,10.4521,13.0697,4.7796,7.0273,6.9829,2.9127,3.0252,4.1143,1
0.1797,1020.0307,0.6191,0.1418,27.1344,-4.1688,1.8542,-0.4806,-4.5932,2.2100,1.2203,0.1181,17.9267,9.1336,8.8466,5.2027,6.3128,4.0937,2.6885,5.7563,1
0.1430,915.0486,0.6902,0.1097,32.8586,-3.6963,-1.4722,0.2310,-3.1504,4.2178,5.4285,-0.9331,11.6421,9.8597,5.1667,6.7711,4.4766,5.9673,3.6513,3.4436,1
0.1348,907.5321,0.6992,0.1342,30.9549,2.0300,-0.3877,-0.5420,-4.0030,-0.3394,1.9280,1.4360,12.5384,8.2229,6.3471,6.9735,2.4100,4.0588,4.5602,2.9674,1
0.0988,812.5507,0.7414,0.0970,38.0081,0.5042,1.2108,0.5699,-5.1063,3.5952,1.7626,0.2043,9.8742,7.1555,4.8271,3.9176,3.9766,4.2881,3.8976,3.2385,1
0.1138,819.4438,0.7091,0.0826,37.4399,-5.7022,3.6788,-0.0946,-5.1801,5.1547,4.4707,1.2942,11.7645,6.1370,7.6532,3.4142,6.1581,3.1898,4.8411,2.6878,1
0.1651,1037.8448,0.6383,0.1829,22.5855,4.0416,1.7750,-1.8029,-4.1394,3.5645,0.6672,-0.9008,10.1899,5.6319,2.7848,3.3770,2.8227,2.0373,3.8554,2.6203,1
0.1082,742.4415,0.7531,0.0953,33.3634,2.1854,4.1315,-0.3248,-0.9773,1.5794,-2.5989,0.3285,3.6491,10.1332,7.1695,3.9848,3.4543,3.5341,4.1604,2.9681,1
0.0944,711.1048,0.7722,0.0970,33.9166,6.9503,7.2905,-1.9478,-3.9242,-1.1899,-3.5527,0.1568,5.1709,5.1471,4.5724,4.2504,3.4630,3.5996,2.2358,2.9814,1
0.1657,966.5622,0.6292,0.1331,25.8418,-1.2810,9.3800,-1.8511,-5.0475,4.7206,-1.2735,-0.2502,5.1364,7.9738,3.9797,3.0043,3.2582,4.0170,3.2319,3.0477,1
0.1530,966.5988,0.6702,0.1504,26.5648,4.7384,4.3460,-2.8074,-7.1308,2.5545,1.1123,0.6653,8.9190,8.3316,3.5705,5.0931,3.9345,3.8213,2.8456,3.1400,1
0.1276,875.6777,0.6977,0.0972,32.0448,-2.9479,3.2357,-3.1165,-5.5258,5.8157,2.0050,-2.3599,7.5069,10.8074,3.4107,4.6294,3.5220,4.7942,3.8649,3.9127,1
0.1184,830.1927,0.7453,0.1166,36.4714,4.8510,-3.6163,0.6747,-2.7240,1.9425,-0.0531,2.1052,12.0134,7.6944,6.3454,5.2068,4.2001,3.2878,3.2058,3.0882,1
0.1154,826.3255,0.7283,0.1072,33.4684,1.6570,1.5665,-0.2029,-1.3624,4.8808,1.4516,0.6287,8.3738,5.1483,7.5035,3.6005,4.0300,3.9151,3.5375,2.5177,1
0.1215,856.2758,0.6919,0.1007,31.9252,-0.7712,6.8445,-3.8019,-7.1693,6.4687,2.4989,0.6288,9.1779,8.4577,4.5489,3.5288,4.8727,4.8984,3.5244,3.6860,1
0.1139,827.4798,0.7254,0.0928,35.2493,0.9179,2.9132,2.0762,-6.5433,8.3309,4.4141,0.4237,7.6128,9.8937,4.5164,4.8056,4.1786,3.9740,3.4812,3.2774,1
0.2034,1109.8480,0.6074,0.1831,23.9247,1.0692,3.9467,-0.3302,-4.4684,7.3615,-0.4315,0.2530,11.4217,8.5589,6.2305,5.6463,4.5742,4.9586,3.8770,2.7416,1
0.1462,867.4271,0.6838,0.0975,30.4111,-6.9477,1.7092,-0.0468,-2.8497,3.5018,-0.1086,-1.1750,5.8542,6.1324,5.1848,4.0762,1.8856,2.3160,3.3506,1.7270,1
0.1226,813.6146,0.6991,0.1043,29.7365,-1.1586,7.0198,-1.2046,-4.7079,1.1452,0.4221,0.9408,4.3892,3.5697,3.9993,2.4643,2.7610,2.9268,4.2442,2.7499,1
0.1256,787.8997,0.7389,0.0995,33.8594,-0.2067,-3.5494,0.2398,1.8842,2.3950,1.4411,5.0042,7.0894,4.7549,6.8591,3.3033,3.4272,1.8247,3.1488,3.5183,1
0.1404,881.0718,0.6863,0.1398,25.7671,3.5085,7.1058,-5.2656,-3.2637,3.0400,2.9640,-0.2280,4.6031,4.9455,4.0791,4.3289,3.4643,5.3964,2.1597,3.9538,1
0.1822,1039.5790,0.6078,0.1611,19.0304,-2.0485,2.4124,0.9206,-2.3119,5.7633,5.8110,-2.9402,8.6650,8.9306,3.0618,3.6052,3.0403,4.4966,2.8910,3.6172,1
0.1115,851.1297,0.7288,0.1314,30.5415,7.4858,0.7991,-0.9180,-3.0458,-0.9454,6.6039,2.2853,6.9222,8.8390,5.0017,4.0709,2.6768,3.3663,5.1944,3.0802,1
0.0906,722.8917,0.8081,0.0811,40.8645,3.8519,-3.5138,-6.6763,-5.2110,-0.1050,2.7885,0.1145,9.4648,8.2388,6.8510,4.1878,4.9517,3.0201,3.6665,2.5706,1
0.1041,736.0650,0.7917,0.0855,40.1017,4.7515,-4.9560,-0.7448,0.1668,2.7652,-0.0834,1.1747,9.5797,7.5112,9.6569,4.4685,4.7039,3.7660,4.2177,3.1564,1
0.1372,911.0617,0.7094,0.1188,29.9679,0.8715,-3.3089,1.7531,3.6898,8.0666,7.0455,-3.4857,8.0305,9.3461,7.9113,6.0254,4.4219,5.0953,3.2973,3.9134,1
0.1370,953.0980,0.6879,0.1623,27.9734,7.9842,-0.0022,2.8095,-1.1219,3.0801,5.4602,-1.2404,10.2665,8.1365,4.1508,5.0236,5.8088,3.0641,2.9789,2.8217,1
0.1438,940.7946,0.6882,0.1322,28.9812,-1.1660,-2.5165,0.9990,0.0690,5.0221,3.0863,1.1908,9.5783,9.1129,3.5842,5.4635,4.7354,5.3430,5.2663,5.1187,1
0.1153,834.7323,0.7268,0.1204,31.6356,5.6315,0.4838,0.2055,-3.5202,2.7447,2.0791,1.6318,7.6988,7.3143,5.7178,4.4744,3.0019,6.0080,3.3933,3.3047,1
0.1056,748.6275,0.7409,0.0936,32.3584,1.7235,7.0170,-1.3669,-5.3655,3.5084,-1.3141,-0.1435,4.3474,5.1582,4.3857,4.3250,5.5101,2.1900,2.6713,3.5603,1
0.2423,1312.7579,0.5145,0.2420,11.9053,0.7659,1.4526,-0.9112,-6.1672,9.7779,-2.5947,0.6224,5.0158,4.6107,3.2474,3.3710,3.5298,2.5269,2.8724,1.8586,1
0.1416,919.6204,0.6718,0.1075,30.5212,-6.5777,2.7815,-0.5766,-9.5652,5.5964,4.9947,3.4659,8.3766,9.4799,3.4582,4.8673,3.4024,2.5127,2.6748,2.4970,1
0.1162,846.2203,0.6922,0.0904,34.2429,-5.5492,0.5501,4.9395,-3.2475,5.3358,6.0193,2.0616,11.0435,9.4203,4.0131,6.5170,3.9584,4.3235,3.3571,2.3065,1
0.1540,916.2301,0.7107,0.1618,31.5085,6.8333,4.8076,-1.7601,-3.7315,4.6795,0.5654,1.7427,14.8084,7.8487,5.7686,7.1295,4.9144,3.2700,3.3776,1.9678,1
0.1155,894.5679,0.7239,0.1509,32.1977,6.0722,0.4787,-2.3995,-1.3520,1.0313,1.4630,1.1592,13.9243,4.9402,5.1909,4.6444,3.5849,3.1596,3.8817,2.8528,1
0.0948,730.0424,0.7846,0.0832,39.8656,1.8746,-0.4488,-1.8508,-4.6518,4.8330,3.1158,1.8272,8.7483,8.1220,6.3325,3.8853,5.9761,3.0089,3.5693,2.4355,1
0.1435,879.1028,0.7163,0.1383,31.6374,3.4121,0.1096,-2.3039,0.1493,4.0382,3.7933,2.0588,12.4695,8.7847,5.1146,4.8072,3.6345,3.6549,4.3953,3.4284,1
0.1241,882.7131,0.6973,0.1380,27.3498,8.6960,5.0251,-0.7817,-5.9961,5.7851,2.4238,0.8149,13.6797,7.5613,7.1600,3.9508,5.0682,2.1199,3.9724,3.3971,1
0.1250,816.4716,0.7188,0.1185,29.0815,6.4971,5.2931,-1.1331,-4.5525,4.3025,-0.1698,1.3934,5.7279,6.2905,4.6624,2.4120,3.5743,4.0049,2.8422,4.1213,1
0.1605,943.8257,0.6734,0.1265,28.2057,-3.6711,-1.8998,2.6004,-5.0058,3.1032,0.6863,0.6762,7.7155,4.2203,3.9555,2.7900,4.5087,3.0004,3.1735,2.9885,1
0.2104,1172.3511,0.5698,0.2275,15.3361,1.2037,2.2866,-1.3262,-2.7091,6.1428,-0.9132,1.6632,9.8932,8.7942,2.4328,3.8543,3.2130,2.9735,2.2427,2.7179,1
0.1420,900.7778,0.7222,0.1459,33.3774,4.4518,0.7339,1.4393,-4.6401,3.3973,3.1419,1.0851,15.6929,8.5262,6.1086,3.3990,3.9629,3.9896,2.9774,3.2121,1
0.1154,897.8491,0.7120,0.1370,29.6129,4.7821,-2.4772,-0.5545,-1.7018,4.2482,3.4293,2.4577,9.6660,8.7898,6.4408,5.9751,5.2803,3.2995,4.9307,2.8558,1
0.0862,713.5819,0.8044,0.0866,40.2935,7.3412,-3.3533,1.2944,0.3673,3.0677,4.7532,1.2579,6.1791,9.7262,7.3756,4.4767,3.2484,3.1481,4.3108,2.9790,1
0.0785,685.5271,0.8114,0.0963,39.2094,9.9287,0.7459,-4.0476,-0.5049,0.9608,1.2932,3.6299,8.0054,5.8821,6.3195,5.1089,2.1222,3.1076,2.5939,3.1684,1
0.1516,930.0797,0.6728,0.1744,25.3869,10.2612,8.7822,-5.5672,-1.0092,1.5985,-2.3651,1.1707,16.8279,7.0151,6.5841,5.0759,4.4396,3.4802,4.1605,4.6998,1
0.1220,833.9254,0.7116,0.1226,28.4917,0.9916,2.4045,-2.6740,-0.9282,1.8221,-2.6218,0.7103,4.5936,8.4801,4.1243,4.1305,3.0223,4.0636,3.1181,3.9480,1
0.1016,753.9932,0.7389,0.1101,28.9176,4.3795,2.6968,1.2254,-3.0702,0.0005,1.9812,2.0849,4.6194,4.8086,5.2231,2.8623,3.1910,2.5582,2.7241,1.9279,1
0.0794,736.0430,0.7760,0.1081,33.9948,12.2811,5.6384,0.3419,-5.1828,0.3430,0.3279,1.4640,5.2530,8.1939,5.7599,4.2985,3.3789,5.3254,2.6878,3.0354,1
0.0716,676.0469,0.7721,0.1092,28.8419,7.9034,6.4241,3.5198,-2.9585,2.7643,1.2511,1.1065,6.4508,2.4643,2.2827,3.6818,2.9838,2.1215,2.5248,2.5348,1
0.1211,893.0020,0.6739,0.1410,25.3309,1.4106,6.0183,1.2478,-5.0626,6.0726,-0.6584,3.3952,7.5684,3.9388,3.5637,3.9325,3.0015,3.1069,2.6643,3.5755,1
0.0691,597.1862,0.8390,0.0769,39.7892,13.1143,7.1155,-1.9074,-3.8076,1.2483,-0.2254,-0.2557,8.3096,6.0991,6.1871,6.3158,5.2943,3.9694,4.0070,1.9007,1
0.1265,867.1215,0.7257,0.1274,33.1968,5.2244,-0.6471,3.5814,-4.0503,5.7188,2.0714,0.1415,12.9064,6.5568,4.7940,5.3208,5.4180,3.6551,3.3035,2.4268,1
0.1168,891.5716,0.7218,0.1543,31.0747,8.9123,3.3115,-0.3605,-5.2373,2.8722,0.1536,0.7067,13.8951,5.7030,6.0896,4.5101,4.0116,4.1361,4.2364,3.5185,1
0.0932,782.1196,0.7487,0.1160,35.4342,4.8873,9.0523,-3.1962,-6.9869,4.3179,0.0090,0.7531,14.5081,10.7643,4.0473,4.4382,6.4877,3.0533,4.6457,2.5707,1
0.0846,725.7491,0.7762,0.0868,36.1999,4.0038,1.5709,0.1821,-3.6885,4.8640,5.5739,1.7756,6.9134,6.4959,5.0918,4.0344,4.5818,2.9992,2.7423,2.5224,1
0.1770,1059.1062,0.6255,0.1861,24.8501,5.3704,2.8831,-0.5251,-5.6539,2.8176,-0.4261,2.7227,17.6908,7.8202,8.4913,3.7729,5.3602,4.5239,2.6824,3.3701,1
0.2034,1104.9969,0.6561,0.2208,24.6178,8.8114,1.1114,0.9958,-3.2751,5.9545,0.2157,1.1953,13.3903,6.1599,6.8064,7.6080,5.2256,5.3429,2.4687,2.5987,1
0.1275,798.9567,0.7326,0.1207,30.0425,3.9516,5.8309,-7.2704,-1.8010,1.4881,0.5381,2.3270,4.5824,4.2976,4.3624,3.8269,3.2152,3.7517,2.0464,3.8108,1
0.1654,1047.7675,0.6300,0.2104,21.0866,7.6296,7.4385,-3.8189,-5.1197,2.3310,-1.8072,2.0424,9.5466,4.6219,4.4573,2.2973,4.3136,2.9057,3.1500,2.4008,1
0.1155,936.3942,0.6852,0.1875,23.6590,11.2650,2.8876,-2.4154,0.6787,2.5473,0.5006,5.3841,7.8557,7.3602,4.6467,2.3508,4.4523,2.8301,3.4004,2.6804,1
0.1178,838.6274,0.7389,0.1218,32.8557,5.1159,2.0568,-3.1802,-5.7418,1.8548,1.2612,1.3722,10.7539,8.7201,4.7354,4.4982,5.1512,4.3260,2.6291,2.7700,1
0.1763,1103.3470,0.6418,0.2104,21.9675,7.4395,0.7196,-0.4405,-3.7499,6.1682,-1.2805,0.4895,12.4365,5.2368,3.5982,3.8146,3.0971,2.7653,2.9961,2.8626,1
0.1133,840.1129,0.7287,0.1043,34.6968,-3.1530,-2.9050,-1.5434,0.1554,2.9108,2.3781,3.2157,12.0071,8.1565,7.0411,3.3168,6.8571,3.3360,3.4295,2.9438,1
0.1104,870.7377,0.7237,0.1351,32.8503,3.0917,-2.1229,1.8127,-0.1743,4.4715,1.3575,4.1040,12.9464,5.1647,7.0727,4.7280,5.2541,3.8570,2.8374,2.0127,1
0.0915,775.7978,0.7664,0.1092,35.6102,5.9097,0.3034,-2.5348,-1.7111,3.2466,4.0158,2.5927,11.1381,6.0712,5.1331,4.7315,3.1128,4.0588,2.9964,3.4301,1
0.1660,979.3043,0.6907,0.1521,30.1678,1.2700,-3.1954,0.2012,-1.5153,5.0949,1.5529,1.1590,11.4146,13.0076,6.5297,6.0829,6.5461,3.9574,3.7360,4.0615,1
0.1023,711.9186,0.7814,0.0892,37.6506,4.7231,-1.2373,1.2313,-1.6409,2.4102,0.8332,3.0348,6.0954,7.5537,4.4860,3.5132,2.4224,3.3485,3.4026,3.4964,1
0.1255,757.1978,0.7471,0.0778,36.6043,-4.7567,2.4759,-1.5653,-2.5812,5.6729,5.1762,2.4401,4.8475,6.8037,2.6745,3.0941,4.0270,3.4891,3.4247,2.2181,1
0.1038,735.4872,0.7484,0.0941,32.0844,3.0327,6.7016,-0.5565,-5.2981,1.2465,1.5994,-0.3403,3.9176,5.9433,3.7209,4.1845,3.7890,4.9107,3.7418,2.2846,1
0.1357,940.8992,0.6649,0.1487,25.8132,2.2253,6.1465,-1.5424,-8.4699,3.5189,3.9355,3.8840,9.8149,3.8031,5.9150,3.1566,3.8302,3.4332,2.2039,3.8374,1
0.1526,958.8491,0.6379,0.1268,26.7327,-3.6575,5.7054,-2.3988,-3.9368,7.7783,5.8927,-1.6724,7.5947,9.3858,2.5562,3.0533,3.6057,4.0063,4.1288,2.7361,1
0.2035,1098.1448,0.5984,0.2168,24.4638,5.0445,8.7326,-4.9281,-6.7211,2.6939,1.7456,0.5847,23.1470,10.5415,3.2922,6.3576,6.6481,2.3228,3.4937,2.3035,1
0.0747,684.6256,0.8129,0.0856,39.8620,8.8218,-0.7562,-0.7642,2.0846,3.2955,1.8003,0.2624,6.7908,3.8930,6.8181,3.9272,3.1494,2.1702,2.6429,3.0403,1
0.1391,956.5878,0.6836,0.1728,27.0738,6.3679,4.6582,-6.0247,-0.8684,5.3347,2.2097,0.9349,15.2300,5.3146,3.7114,5.8237,3.1521,2.6225,4.0622,3.2643,1
0.1579,1037.7188,0.6587,0.1920,24.6787,7.5143,4.3201,-6.8766,-3.8635,3.7171,5.2145,-0.3959,13.1163,11.4496,3.8112,4.6169,4.9096,5.1288,2.7344,3.3251,1
0.1493,929.5823,0.6815,0.1462,27.4687,-0.7642,0.2341,-3.8913,0.5073,2.5994,1.1614,3.0309,8.0396,7.1623,5.6373,4.8752,3.0244,3.7097,3.3264,2.7873,1
0.2050,1170.0778,0.5915,0.2416,22.3652,4.1944,-2.2751,1.3289,4.6822,3.4464,3.2009,1.1792,19.8780,12.6434,6.4440,8.6239,4.5361,4.0403,3.8251,2.4153,1
0.1561,926.7751,0.6888,0.1858,27.7933,7.1573,1.2030,-2.7329,3.0269,0.4952,1.4661,1.9705,18.9283,9.7180,5.1954,3.8625,2.8509,4.5436,2.5584,3.7412,1
0.0747,711.1646,0.7642,0.1188,27.6935,9.2216,5.1654,0.6650,-2.8194,1.8874,-1.1400,-0.3995,5.1277,3.9539,3.0823,3.7065,3.5493,2.6077,3.5759,3.9527,1
0.1731,1109.7699,0.5875,0.2167,16.0748,7.7154,10.4530,-0.0666,-7.6592,4.6582,-3.2493,0.1680,7.6282,5.3831,3.0192,2.3432,4.3312,3.4352,2.4589,2.9810,1
0.2029,1070.0841,0.6455,0.2157,27.6986,7.1154,5.6563,-1.4805,-4.1882,3.0383,1.0398,0.2401,22.2658,12.2135,5.6734,4.0334,3.6715,2.7206,3.5879,3.7946,1
0.1077,792.5147,0.7256,0.0826,37.8331,-1.6204,-0.0247,-1.2910,-1.4231,1.9045,2.9815,1.3251,8.9442,11.3327,7.8273,7.6855,5.5586,3.7007,2.5607,3.6844,1
0.1075,750.4007,0.7771,0.0930,39.5519,4.3129,-0.3301,-1.1676,-1.0693,2.6429,-0.4694,1.4314,9.8725,5.7232,8.0718,6.7920,4.9506,4.3440,2.9414,2.1897,1
0.2378,1155.9741,0.6193,0.2349,25.5271,5.4482,0.5238,-1.3206,-2.7217,4.6830,-0.8325,3.7970,21.3202,11.7227,9.6716,5.6764,6.6215,4.6061,4.7610,2.6266,1
0.1885,1069.3906,0.6031,0.2112,21.6381,4.6977,10.4437,-5.8985,-4.2713,4.8887,-0.3276,1.4899,17.7127,6.5176,4.1921,5.6106,5.6790,4.1194,4.0141,3.2680,1
0.1319,851.3225,0.7362,0.1288,33.2799,5.5987,1.1575,-0.4484,-2.8863,5.0576,-1.3534,1.8007,11.7992,6.3162,6.0309,5.3539,4.7273,2.9598,4.4476,3.8184,1
0.0711,667.2874,0.8076,0.0819,39.2297,8.0762,1.4976,-1.2379,-2.8151,2.2867,2.0650,1.6366,7.3893,8.9674,5.6092,3.4507,2.8455,3.2244,3.8043,2.6800,1
0.1133,785.6589,0.7285,0.0977,31.6142,-0.5067,2.1685,0.8426,-3.4501,3.7020,2.2507,1.7052,7.9215,6.0902,9.7536,2.7990,3.5724,3.8065,4.1621,3.8153,1
0.1186,713.7173,0.7562,0.0739,37.2304,-1.9853,5.9757,-2.7420,-7.4956,4.4187,3.0046,3.4930,5.1010,6.6962,6.8762,3.7274,6.0902,4.2304,3.9938,2.3841,1
0.1764,1159.2511,0.5932,0.2384,16.6302,5.4701,1.4980,-2.0078,-4.0163,7.3303,0.0067,2.9038,12.0233,5.2342,3.8071,4.2389,3.2923,3.4295,4.0273,2.5156,1
0.1169,931.6771,0.6699,0.1596,23.8273,6.4317,6.0536,-1.0551,-1.4589,7.6638,0.2865,0.7590,9.6583,5.5315,2.2362,2.6753,2.7360,3.3872,4.2695,2.4145,1
0.1047,770.2543,0.7663,0.0947,37.1002,1.3713,-1.3597,-3.4607,-1.1319,2.0254,0.3873,0.9443,8.2722,10.7647,7.2640,6.2370,3.1067,4.7393,2.9816,2.4601,1
0.2064,1115.7961,0.6203,0.2430,20.8394,10.0642,5.3546,-3.1522,-1.4647,1.9887,-1.0733,1.8143,19.9241,7.1543,4.4514,4.5200,2.5517,3.3265,1.8994,2.5476,1
0.0770,737.4074,0.7546,0.0964,33.6174,4.9378,6.5918,1.8252,1.2393,1.3276,1.4640,-2.1517,7.0849,8.6294,4.8172,5.4203,7.2301,4.5008,3.0540,3.4417,1
0.1043,766.1280,0.7532,0.1108,33.8862,7.0866,3.3680,-1.8176,-2.7799,0.7577,-2.0153,-1.0230,10.5434,6.7375,9.1855,3.9180,4.3258,2.8909,3.3466,3.0770,1
0.0769,679.8051,0.8272,0.0854,41.1747,10.9311,-0.7385,-2.3587,1.6122,6.5885,0.7017,-1.7008,6.3071,4.3034,7.6233,5.5691,3.3219,5.1636,3.9019,2.3582,1
0.1095,796.9071,0.7300,0.1099,32.7149,2.8703,6.5754,-6.0223,-3.1127,4.1812,2.8076,3.3608,5.9929,8.9843,3.3491,4.0884,2.7622,2.5981,2.0285,2.4431,1
0.0946,712.2847,0.7839,0.1013,35.6900,7.8475,6.4496,-5.0104,-2.4365,0.5229,2.6836,-0.0814,11.0409,6.1417,5.1812,4.4933,3.9752,2.9212,3.4764,2.3710,1
0.0804,650.6110,0.7868,0.0826,35.6253,4.9646,4.0815,2.3684,-2.3013,0.3399,1.1798,2.1211,4.3746,5.1192,5.7992,4.0666,4.4268,2.2394,3.0692,3.0848,1
0.1439,979.0565,0.6515,0.1868,23.2463,6.5425,5.3153,1.9341,-3.8126,2.5575,-1.1848,3.6246,12.9941,3.3600,3.8849,2.8339,2.2720,4.5564,2.3386,2.3555,1
0.1912,1178.4425,0.5726,0.2492,14.1683,8.8050,6.1688,-0.6267,-4.5748,6.4412,-2.1924,2.0777,5.7423,3.2153,2.5969,1.5265,2.4179,2.3783,2.4064,2.3613,1
0.1098,829.5284,0.7015,0.1039,30.2684,0.3007,6.0002,0.1629,-3.2439,5.6048,5.0667,0.0801,6.2144,7.7870,2.4670,4.4227,4.4459,2.8820,3.4646,3.4644,1
0.2330,1262.4020,0.5929,0.3052,16.2953,14.3653,2.3726,-2.7674,-0.3492,2.4536,0.2504,-0.3710,20.5119,5.8969,6.1516,6.3487,3.8883,1.9107,3.6605,3.7450,1
0.1591,942.4550,0.6906,0.1599,30.2687,4.8565,1.5892,1.1909,0.0995,2.8516,3.0576,0.7329,17.6916,11.0275,9.6648,3.7547,6.0806,2.6324,3.8556,3.6684,1
0.1516,885.1851,0.7236,0.1247,33.7257,3.4620,-2.7923,2.7196,-2.1899,5.0638,3.0953,-1.2299,8.3061,11.2100,10.2392,4.9059,5.8094,5.4184,5.5303,2.4290,1
0.1825,1013.4868,0.7112,0.1878,32.2685,10.9638,-4.1012,0.5603,-0.2134,2.2059,0.3686,-0.5420,14.8068,6.8777,6.1807,2.9211,4.2167,5.7044,4.1311,3.0452,1
0.1027,766.7708,0.7643,0.0822,40.3203,-0.1781,-6.0455,1.3747,4.5275,3.6982,1.2504,0.7710,9.9073,9.4125,6.0116,6.0168,4.8049,2.7776,3.5679,4.3198,1
0.0852,719.1926,0.7853,0.0851,37.4690,5.4048,1.9388,-3.5459,-2.3985,5.4445,4.6998,0.3692,9.2343,5.8048,4.1843,3.9468,3.2770,4.9154,3.1574,2.6605,1
0.1155,851.9072,0.6913,0.1236,26.4081,3.1091,6.9389,1.0181,-7.4998,5.6210,1.5666,-1.3420,10.0462,4.8081,6.1751,4.6692,6.2534,4.2670,3.8484,2.5674,1
0.1469,973.5842,0.6645,0.1457,26.6134,0.7916,-1.2188,3.8753,-1.9271,4.8775,-0.9296,0.5170,12.9659,5.8713,9.6072,3.2197,6.2588,4.1336,2.2627,3.5670,1
0.1273,847.9413,0.7609,0.1229,37.2963,6.8491,-4.7423,0.5889,-2.9264,4.0579,1.1942,1.0447,11.8351,7.9964,8.1586,4.3962,5.1546,5.6584,3.3072,3.0127,1
0.0999,711.5427,0.7847,0.0688,41.9084,-0.0172,-3.1931,1.7652,0.0966,3.5920,4.4410,-0.1588,5.4062,4.8325,7.5568,4.5188,5.3179,3.0152,4.0007,2.7132,1
0.1191,795.6508,0.7402,0.0684,41.8910,-8.7366,-7.5439,1.6332,0.1086,2.1295,0.9995,3.3729,9.2973,8.7918,7.6231,2.4391,6.9465,3.1157,2.4842,2.9120,1
0.0712,663.1067,0.8025,0.0922,36.9299,10.9981,5.6256,-1.1643,-1.8094,4.4097,0.4910,-0.7577,9.2102,7.3645,6.6477,4.7641,4.1500,3.1954,4.0427,3.3540,1
0.0668,701.6326,0.7859,0.0862,38.7905,9.7313,8.3253,-2.7135,-7.5985,6.2315,0.6989,-0.7399,8.3081,9.1160,4.3849,5.4899,4.7058,2.6775,3.3209,2.5849,1
0.1562,1016.0741,0.6321,0.1959,20.2606,8.7553,10.4926,-3.7268,-0.0412,5.9646,-1.7515,0.0291,17.7789,4.5486,5.1454,4.4859,3.8101,3.5404,4.6583,3.6742,1
0.1880,1155.0145,0.5973,0.2564,19.3546,11.4243,6.6948,-7.3482,0.1410,1.5224,-0.9347,-0.1017,12.7256,9.2832,3.8861,4.5856,3.0263,6.3955,4.2874,3.6819,1
0.0940,766.7788,0.7214,0.1083,28.9856,4.6528,10.4985,2.3498,-6.0381,2.7834,-1.9659,0.2979,4.2837,3.4440,4.7671,5.3724,4.5069,4.2908,3.8320,2.7591,1
0.1310,834.4739,0.7248,0.1271,30.0226,4.1989,0.8673,-0.2972,-2.0644,6.3507,-0.6711,2.1438,9.8355,5.2509,5.5212,4.0739,2.7620,2.5997,2.6051,2.9048,1
0.1476,978.0197,0.6499,0.1734,23.3497,4.4076,7.8287,-1.8834,-4.2513,7.8554,0.2718,0.0777,13.3674,3.7807,3.2110,2.3363,2.4580,3.7049,3.7954,2.6274,1
0.0906,748.0743,0.7939,0.1157,35.4583,12.4957,-0.2251,-5.4252,-2.1080,2.1389,2.4637,-0.7562,8.5199,7.3500,5.6907,4.6534,4.6500,3.5048,3.2616,2.8842,1
0.0863,724.9150,0.7912,0.0741,40.5959,1.2572,-2.8814,-0.0063,0.7677,6.0748,2.8592,-0.6557,10.0138,9.4045,7.5975,6.1397,6.5275,4.0187,2.7640,3.4735,1
0.0838,730.6419,0.7678,0.1036,34.3649,8.0180,3.3800,0.6322,-0.9108,2.2335,1.3679,0.3551,8.1249,7.7071,6.9784,4.0608,4.6393,3.2551,3.4811,3.2771,1
0.1031,765.2097,0.7722,0.1036,35.2272,7.1824,0.4596,0.4904,-0.7365,2.0135,1.6270,0.9875,8.3099,9.2186,7.9106,4.4484,5.1043,2.5249,3.5447,2.9500,1
0.1673,1082.0758,0.6290,0.1841,23.5449,3.7657,2.1429,-0.9477,-4.1625,6.2190,3.9734,-1.0257,10.4120,12.9550,4.2681,5.6887,5.9256,4.6083,4.7397,3.2705,1
0.0675,699.0800,0.8026,0.1015,37.9813,10.9077,2.0735,-0.4209,-1.7810,3.2126,2.4753,2.1920,11.2198,11.0381,5.3453,4.1368,4.2773,3.7945,3.7029,2.3305,1
0.0835,750.4058,0.7761,0.0956,35.7526,4.4781,0.1587,-1.8558,-1.3511,4.7218,4.9957,3.1008,6.3704,10.6182,4.7296,4.7695,4.3732,4.0513,3.1999,2.1552,1
0.1578,958.3688,0.6487,0.1489,25.8730,1.0253,7.7127,-4.5741,-4.9068,3.0463,2.4476,0.5253,9.9945,9.1107,7.3821,5.1140,5.3040,4.1313,3.6992,3.7103,1
0.1115,742.2578,0.7348,0.0918,31.6761,-0.0100,6.9818,-1.9543,-3.9110,4.4223,-2.2135,2.8400,3.5678,6.3921,3.9131,3.3296,2.5657,3.5148,3.0779,3.5875,1
0.1604,957.5958,0.6863,0.1673,26.0878,4.9832,-1.4445,-4.7048,-2.9215,3.6172,-3.8254,1.2767,11.5804,2.9253,4.6817,3.2713,3.5336,3.4494,2.7220,2.2080,1
0.1239,850.8181,0.7148,0.1142,29.1133,1.1328,3.9117,-4.5176,-2.3851,6.2457,1.0440,-1.7520,8.3283,8.3983,5.2152,3.9399,6.2178,5.1533,3.4852,3.7754,1
0.0842,703.8953,0.7946,0.0778,39.9970,3.3475,2.9722,-1.5191,-1.3998,5.6560,2.7985,-0.9416,6.7666,10.8340,5.1443,5.9791,4.5832,4.1699,3.5255,3.3171,1
0.0903,637.1896,0.8340,0.0550,46.5989,-0.2185,-5.4466,-1.7571,2.0317,4.3778,4.2711,2.5060,7.2266,8.3206,6.6960,3.9281,6.6050,3.1676,4.1507,4.2628,1
0.0898,674.7837,0.7753,0.0606,41.9939,-1.1948,5.7292,0.3850,-5.3040,3.5162,4.7032,2.0708,6.1760,9.4490,5.1479,3.6564,5.2399,3.5146,3.9216,2.9793,1
0.0919,690.7756,0.8000,0.0727,42.3731,1.9592,-3.7049,1.2387,0.8198,3.2392,3.2542,2.2336,8.4391,6.8428,6.7439,4.4501,2.9762,2.9369,3.4392,3.1763,1
0.1408,842.0170,0.7231,0.1038,35.3167,1.0462,-0.0602,0.4566,-4.1881,5.7513,1.3020,0.7156,13.4175,7.4590,8.5786,3.2797,6.9940,3.2551,2.9489,2.6126,1
0.2215,1141.7084,0.6132,0.2144,22.1869,8.8571,-0.8634,3.3819,-3.6026,1.0305,-3.4037,0.3736,11.2310,9.7931,10.2861,7.8627,2.8644,3.7700,3.4470,3.8988,1
0.0849,628.7913,0.8029,0.0823,36.1325,4.3276,5.5603,-2.2043,-1.8701,0.4421,-3.6362,0.8045,5.9312,5.2918,4.9586,3.0630,2.0180,2.6389,3.7394,2.7248,1
0.1458,885.7864,0.6789,0.1398,27.7557,1.6886,7.4098,-0.9374,-7.0823,4.6971,-1.1522,1.2405,13.0435,5.2382,5.7843,2.8416,5.9330,4.7547,2.4144,3.0511,1
0.1288,864.1930,0.6806,0.1226,30.6405,-1.1865,7.1848,1.5728,-2.0119,6.3326,0.6135,1.3634,12.7042,9.7462,3.5803,3.2031,4.0119,3.5905,4.3476,2.3348,1
0.0814,644.8449,0.8232,0.0640,45.4551,2.8814,1.2981,-0.9348,-2.2421,1.1076,2.1734,2.5320,10.3522,9.4809,7.6662,5.1498,4.7063,2.0726,5.2533,3.1950,1
0.1249,774.7019,0.7471,0.0747,40.3252,-2.5035,-0.2938,-1.8027,-2.0007,2.8366,1.8791,0.6468,11.4470,8.4481,9.2283,4.8231,7.2598,3.1690,4.6796,4.0234,1
0.0827,740.1837,0.7621,0.1027,34.5317,5.0234,0.9701,0.6746,0.2365,4.2313,1.5749,2.8305,8.8278,7.9375,6.1203,5.4317,3.9752,3.4275,2.9795,2.7332,1
0.1081,846.2113,0.7391,0.1324,33.5499,3.6417,-1.2492,1.4671,0.5299,3.1460,1.1981,1.4264,15.0348,10.9662,7.9954,3.7395,6.3713,3.4156,2.9834,2.5462,1
0.1646,1014.2426,0.6505,0.1896,24.1510,5.7455,5.1901,0.6386,-2.4211,4.1232,-0.9462,2.1800,16.3097,5.0145,5.9184,3.7495,4.1653,2.0820,3.4171,2.5763,1
0.0949,720.4448,0.7797,0.0843,38.8371,2.4620,2.8407,-1.6561,-0.3238,4.7683,0.8949,1.5803,11.0791,10.8602,10.2143,5.0365,7.5959,3.3116,3.6251,3.1979,1
0.1012,713.1110,0.7839,0.0944,39.2686,6.7145,2.1719,-3.5446,-3.7605,2.8335,0.6178,2.4105,11.9176,10.6590,7.3432,6.8196,4.0511,4.1319,4.5124,3.3979,1
0.0808,727.8807,0.7580,0.1155,29.0893,9.2662,7.2302,3.0510,-2.7216,3.1203,-0.7913,0.3512,3.7159,5.7298,1.9692,2.2167,2.7659,2.4814,3.1143,3.3167,1
0.1523,950.9130,0.6358,0.1324,23.8666,-5.3762,4.6488,-1.4339,-3.2381,5.6102,2.2044,1.0018,3.6989,4.3191,3.8038,5.0480,3.9171,3.4977,4.1961,2.0101,1
0.1665,1061.9016,0.6067,0.1691,21.7295,0.9120,2.9491,1.3265,-5.4744,6.0113,-2.7913,0.2970,7.4463,2.4443,4.9952,2.6415,3.3066,2.6367,2.8273,3.0145,1
0.1842,973.3851,0.7003,0.1819,33.0748,7.5801,-1.0387,-0.3743,0.6337,3.9237,1.4556,1.1496,22.6452,9.6120,7.8089,4.7105,4.3649,4.7108,3.8241,2.4273,1
0.1474,864.3805,0.7242,0.1356,31.5458,5.9803,4.6004,-5.6318,-4.9719,3.3119,1.4185,-0.9154,14.3225,6.5934,4.8402,3.8696,4.0695,3.9665,3.2225,1.8775,1
0.0869,714.2493,0.7760,0.0953,36.6182,5.9525,5.4064,-3.4191,-3.7331,1.1132,-0.2300,3.3818,5.4522,4.8236,5.3959,5.8654,3.6533,3.2023,3.3129,1.7053,1
0.0898,732.6766,0.7677,0.0930,36.5298,4.1944,6.8653,-3.1607,-4.2537,5.4278,3.3621,1.7882,5.9286,6.1041,5.1208,4.5784,3.8295,3.1724,3.6762,3.2165,1
0.1086,788.2695,0.7548,0.1129,34.5626,4.7420,0.4205,0.4825,-0.1078,5.0852,3.5443,3.0712,11.0160,5.0997,7.9508,3.8483,4.2408,3.9466,4.5234,2.8987,1
0.1064,799.5396,0.7370,0.1052,34.8596,2.0003,2.3029,-2.6474,-4.1571,0.9559,2.6010,2.0837,8.9607,9.7369,4.5878,4.8894,6.4631,3.6596,2.7298,2.8708,1
0.1072,799.0689,0.7358,0.1065,34.7351,3.7215,1.9552,2.8964,-4.0417,0.0467,-1.8216,-0.1334,7.6526,5.1623,4.8860,2.6231,5.7666,3.3713,2.4695,2.6271,1
0.1023,732.5565,0.7593,0.0802,40.6924,1.2867,7.2666,-3.2447,-7.4657,4.4088,0.3607,0.2108,8.5217,10.4531,3.0069,5.3860,4.8911,4.6525,4.4760,2.6024,1
0.0974,674.4717,0.8015,0.0766,37.1035,0.7567,1.2404,-5.7843,-3.2402,4.1232,2.9492,-0.6417,4.4566,4.3561,4.2257,3.3874,2.1887,2.9144,2.0578,1.8886,1
0.1279,837.7717,0.7267,0.1100,33.0021,1.2027,-0.0251,0.3260,-2.6661,3.5890,-1.7360,0.5022,9.2063,4.8862,5.1664,3.9731,3.5751,5.1156,2.5625,2.8456,1
0.0813,675.3949,0.7991,0.0701,43.5900,1.5113,1.8547,-0.6569,-1.7587,3.9852,1.5490,1.9786,11.5168,9.9299,5.5662,4.0567,4.2554,4.3151,3.8929,3.2163,1
0.1687,985.6638,0.6540,0.1201,28.6196,-9.3677,1.7720,-1.2603,-0.1923,8.1226,2.9532,-1.9477,9.2809,12.7194,4.0529,5.1490,4.4199,4.9162,2.5899,4.7487,1
0.0854,668.4232,0.7938,0.0625,42.9740,2.2429,0.5112,1.4804,-3.5538,4.2033,2.3779,1.7458,5.7401,11.1018,9.3467,8.3135,5.3906,3.6921,2.5708,2.8722,1
0.0857,764.6738,0.7516,0.0992,35.5112,2.8016,6.0502,-3.0914,-1.8451,9.0082,0.9417,-0.1358,4.6591,8.1341,5.5163,6.8621,5.0265,4.1468,3.2176,2.5130,1
0.1111,824.6472,0.7318,0.1096,33.5449,1.6296,0.3036,-1.2002,-1.7279,5.2033,-0.1664,1.4403,9.0522,6.3092,6.9128,5.6776,4.5208,4.5951,2.7107,2.7192,1
0.0973,700.4042,0.7886,0.0748,41.2937,1.3406,-1.7339,0.9375,1.0174,4.6447,1.5443,3.2002,7.1728,8.2868,5.6086,4.8782,3.4012,4.3836,2.5529,2.7546,1
0.1086,815.6543,0.7170,0.1025,30.3756,-0.2984,4.5727,0.5740,-2.7130,7.1326,0.5842,-4.0508,9.0228,8.1489,3.7200,4.6549,5.3245,4.1068,2.4617,2.5325,1
0.1373,855.8857,0.6941,0.1134,28.7421,1.4168,5.6626,-1.0265,-8.8027,2.5571,2.9736,-0.9045,5.7343,6.9658,4.4753,4.4237,4.3398,6.1788,4.2864,2.5012,1
0.1421,884.4653,0.6817,0.1289,29.1198,0.0316,2.6432,1.6847,-3.5210,0.7386,2.4665,2.1994,12.9215,4.8621,4.7771,3.5147,3.1266,4.7968,3.9677,2.3066,1
0.1400,967.0669,0.6394,0.1416,22.2719,-1.3118,2.1481,0.7169,-3.9977,5.7916,-0.9634,0.8910,6.5309,4.0849,5.9630,3.3837,4.5666,3.9731,2.7671,2.1982,1
0.1575,922.0745,0.6533,0.0995,31.9080,-10.1230,-2.8340,4.8672,3.4893,5.2841,1.6202,2.2715,12.7819,12.6463,7.3033,5.7375,6.3511,4.2236,3.0284,2.4288,1
0.1749,920.4678,0.7208,0.1523,33.9555,6.5007,0.6759,0.3999,-3.6112,4.4188,-0.1486,2.4121,13.9829,6.6760,8.5866,6.0704,5.6204,4.1300,3.3449,2.5661,1
0.1290,872.0646,0.7299,0.1499,31.8717,9.2459,3.6361,-0.3054,-4.3782,3.9843,1.4908,2.4409,12.9690,7.4465,4.3420,4.9255,4.3337,3.8988,3.0105,2.9535,1
0.1260,817.0258,0.7406,0.1022,34.0059,0.7174,-1.2258,-0.1571,-0.7987,4.9759,0.1901,1.0845,6.1151,11.9301,6.3113,6.0785,5.8631,4.1509,3.0803,2.4601,1
0.0878,731.6683,0.7809,0.1130,34.5050,10.9728,4.3718,-1.5258,-4.5461,1.2048,0.3588,0.9388,10.2889,6.5097,5.2075,6.3317,4.2134,4.2319,2.5050,3.0919,1
0.0823,711.8933,0.7616,0.0849,37.0970,4.0197,1.4908,1.3099,0.0012,5.9370,5.0586,2.6869,9.3917,11.9431,5.4095,7.0739,3.7738,5.1335,3.8075,2.9571,1
0.0725,669.5336,0.7849,0.0914,34.5796,6.2410,6.9236,0.4595,-2.3637,2.8888,0.3213,0.4938,4.4631,4.9349,3.2803,3.3922,3.1439,4.2114,1.7742,2.7194,1
0.0882,627.5314,0.8233,0.0698,39.9354,3.2826,0.9764,-2.9455,-3.8134,2.3140,1.7886,1.3020,4.7110,3.7665,5.4340,2.9753,4.8769,2.7092,2.8071,3.2243,1
0.1569,1002.7064,0.6358,0.1684,22.1856,2.7935,4.5689,1.8842,-4.6939,4.3856,0.7156,0.2166,10.0495,4.4319,7.2213,4.3901,3.4017,2.9165,1.9706,2.7873,1
0.1547,942.8666,0.6243,0.1137,26.6008,-6.2633,3.2871,4.3081,-1.7457,5.5647,2.1713,0.0468,7.1977,9.3306,3.3389,4.3850,4.3804,2.5846,3.8614,3.2867,1
0.1164,870.5267,0.7263,0.1361,32.3360,4.6471,4.1870,-3.5920,0.1519,5.9771,1.6582,0.2849,11.2298,11.7227,3.7397,6.6713,3.2158,4.6247,4.2414,3.4017,1
0.1028,763.6392,0.7717,0.0928,36.2209,0.4040,-1.4269,-0.5832,1.0148,6.9108,3.0075,1.1101,10.6911,7.5405,8.1498,2.6500,5.7692,3.0684,4.1583,2.8507,1
0.0921,766.0522,0.7648,0.1112,35.6200,5.1178,3.2864,-3.8778,0.8481,7.2712,0.6747,1.9337,8.7853,7.4676,6.2496,6.1184,4.1823,3.8058,2.4349,2.6124,1
0.0495,662.1790,0.7922,0.1042,33.0071,9.3420,8.6245,-2.2340,-0.3646,5.5447,0.5837,1.3260,4.2039,4.1201,3.1283,4.2122,3.2563,3.8947,2.3948,3.1164,1
0.0801,645.3116,0.7926,0.0774,37.6579,4.3379,5.4576,0.4572,-3.6334,0.3972,2.6962,2.3612,8.3401,3.6055,6.2025,3.9983,2.5940,2.6973,3.6848,2.8247,1
0.1308,795.4417,0.7298,0.0816,33.9990,-3.2307,2.1624,-0.8958,-0.5711,2.1253,-0.2818,-0.8730,5.5297,14.7634,5.7636,3.7806,4.8947,3.7655,4.6692,3.6548,1
0.2665,1336.2505,0.5606,0.2884,17.7941,10.4067,-0.8692,5.7027,-3.1324,1.9460,-3.4283,0.4477,10.1876,9.7140,7.7341,3.3040,4.3337,2.7935,3.1346,3.1197,1
0.1037,807.0499,0.6935,0.1167,28.7532,1.6253,5.9969,3.9314,0.0482,1.1349,-1.1455,1.0580,6.3353,2.7393,3.9866,2.4539,3.4314,3.8533,2.6085,2.1709,1
0.1307,889.2332,0.6888,0.1447,25.8749,3.3323,4.4602,-1.3716,-3.5278,0.6950,-1.7438,0.3788,7.1891,6.5631,3.5575,2.3768,3.6372,2.4478,3.1977,2.8134,1
0.1473,1005.1768,0.6735,0.1995,22.1817,9.0758,-0.6923,-0.9994,1.6990,4.6607,0.0707,0.4961,16.2596,6.3608,8.1934,3.9783,4.5639,2.8295,4.3581,2.6611,1
0.1282,803.2147,0.7719,0.1150,37.2216,6.7014,-4.9751,0.5927,0.8513,2.3360,-3.1858,-0.5626,13.3442,10.8669,8.1644,3.7854,3.5476,3.7910,4.4974,3.7081,1
0.0832,698.7786,0.7990,0.0947,37.2268,8.9024,1.6877,0.7322,-0.6776,1.6761,-1.4636,-0.6335,7.2998,7.9861,4.6401,4.0862,3.5541,5.1240,3.2076,3.4172,1
0.0817,683.3932,0.7988,0.0969,34.7011,13.7896,6.3388,-2.1506,-4.5446,2.7147,1.4389,-2.6607,4.8066,7.8288,4.2172,3.3866,3.5707,6.1305,4.4081,3.9701,1
0.0811,704.4102,0.7833,0.0966,36.4335,8.6709,5.7359,-3.0139,-2.1901,2.8361,0.5929,-0.1268,9.3844,6.0115,5.4710,4.4251,4.4926,4.3378,3.7435,3.0676,1
0.0756,603.8307,0.8392,0.0574,46.4052,4.0879,1.2058,-1.2288,-1.2234,1.8490,0.7626,2.7565,7.7985,8.5841,4.7860,4.0893,4.0162,4.8528,3.8229,2.3062,1
0.1023,806.7374,0.7646,0.1511,30.4432,15.3837,3.2174,-5.0272,0.0270,1.8242,-1.7115,0.9849,7.8724,7.5579,3.7936,5.4275,2.7080,3.5660,3.2822,3.0651,1
0.1098,852.8380,0.7606,0.1550,32.9900,14.1052,1.3444,-3.2905,-0.9941,3.7147,-0.4224,1.8706,11.2271,7.9965,4.2246,6.6795,5.3046,4.4098,4.1667,2.1263,1
0.0963,821.5563,0.7428,0.1691,22.7134,13.4757,2.1181,0.6720,-1.1781,3.1053,-1.6889,1.5133,7.3118,5.8167,6.1284,3.1535,1.7899,2.1381,2.0525,1.7320,1
0.1460,949.1310,0.6776,0.1705,25.0102,6.2194,5.4417,-3.3312,-3.0546,3.9625,0.0994,0.7192,11.0592,4.5905,4.6666,2.4835,2.7599,3.1272,2.7359,2.2899,1
0.2470,1214.2683,0.6246,0.2788,20.8186,12.7313,-4.8540,-2.3854,2.2257,-0.0296,2.9354,0.4694,19.1857,10.2863,7.5111,3.8386,4.8049,4.2642,2.4905,1.6603,1
0.2461,1210.7119,0.6419,0.2323,25.2613,5.9280,-7.2775,1.6918,-0.9871,4.3984,2.0265,-0.8476,15.0679,10.2208,6.9129,4.8415,3.9223,3.4489,5.7443,4.0192,1
0.2002,1063.1429,0.6863,0.2291,28.7617,13.4902,-1.0633,-3.0930,1.0053,2.3578,0.7818,-1.7242,21.0355,8.0438,6.1668,3.6756,2.6385,6.0995,2.9746,3.8134,1
0.1166,842.8830,0.7360,0.1436,32.1987,8.0798,5.2193,-2.9567,-0.4647,3.8538,2.2064,-0.5602,14.4661,8.0042,4.5407,3.4764,3.0231,4.7242,3.2032,2.6366,1
0.1200,807.4924,0.7438,0.1182,35.3349,3.3779,-2.0955,-0.3579,2.7766,2.7599,1.7872,2.8335,14.5283,7.6570,10.2242,4.6708,5.7578,3.4176,3.3128,3.2374,1
0.0834,713.2274,0.7937,0.0871,38.9184,4.4559,0.9963,-2.4854,-1.8686,1.4550,2.2000,0.8655,9.8378,5.7607,3.4237,3.3606,2.5976,4.4589,3.4675,2.5877,1
0.0790,655.1259,0.8225,0.0678,45.2308,3.7756,-5.3844,0.0569,5.0391,2.7450,2.5120,3.3796,7.6095,6.9849,7.4643,4.2860,5.0091,4.0285,3.6533,3.1032,1
0.1051,871.1967,0.7269,0.1639,29.3871,12.0078,3.9398,-2.8404,0.2071,-0.4545,0.4806,2.2303,10.6632,3.3255,4.4880,4.7187,3.5259,3.9987,2.9649,1.8631,1
0.1565,952.1151,0.6973,0.1916,27.1307,11.1506,0.2580,-6.1120,0.2941,-1.1182,2.3043,3.1012,14.9721,7.4759,3.1238,4.0381,2.9222,4.5473,3.1157,4.0159,1
0.1041,759.0137,0.7438,0.1154,30.2086,4.3824,5.1324,-1.8259,-2.0157,3.0606,2.2032,1.0688,6.4257,4.1543,4.5131,3.8253,3.5781,2.7489,2.9648,2.5015,1
0.1457,992.3453,0.6728,0.1917,21.4471,9.4154,1.6519,-2.9294,-1.3860,3.9397,2.6818,0.1305,5.0339,6.2635,3.4311,3.7656,3.5362,3.1798,3.8323,2.3352,1
0.1144,762.1559,0.7800,0.0939,35.2124,0.2653,-2.2297,-3.6142,1.2318,5.5651,3.1906,0.8704,6.3514,5.9303,3.8024,4.3102,4.4636,4.6110,2.7412,2.3601,1
0.1162,828.6177,0.7310,0.1091,35.0206,1.0868,-4.5557,2.2633,0.9875,1.0568,3.4229,3.5283,11.8506,9.2639,5.7725,4.3537,4.5529,4.6568,3.0656,3.5433,1
0.1431,975.5795,0.6919,0.1756,28.4737,7.5707,0.5261,0.5581,-3.5753,2.9716,3.1867,-2.6627,12.3132,7.3611,8.0747,6.3647,4.0000,4.0941,3.7397,2.8909,1
0.1192,881.3520,0.6964,0.1449,27.0075,3.3423,5.0638,-2.5030,1.2882,7.3603,2.7070,-0.2325,13.4712,10.1656,4.4562,4.1154,5.1714,5.0401,3.8009,2.3280,1
0.1086,765.5362,0.7720,0.1040,34.6057,4.4217,-2.6950,-0.0176,2.5244,1.7455,2.1667,1.3776,7.7113,11.5729,8.1051,5.7866,6.7648,4.7108,3.8209,2.2823,1
0.0857,754.3011,0.7628,0.1013,34.3411,5.0592,4.6332,-3.0440,-1.1229,4.4445,3.8523,1.4479,8.1076,7.2079,4.2150,6.9482,3.8620,5.6759,4.1439,2.6756,1
0.0748,702.3761,0.7992,0.1011,37.1597,9.3082,-0.4393,-3.0420,3.6963,2.0670,5.7964,1.2564,6.1534,6.9546,6.2915,3.7876,3.5778,3.0584,4.0365,2.3344,1
0.0694,668.7780,0.7968,0.1008,33.1303,9.5559,4.5452,-0.3896,-1.0330,1.9804,0.3888,1.1173,4.6622,3.9339,3.2096,2.3788,3.8800,2.1412,2.8180,2.6206,1
0.1511,929.5560,0.6814,0.1617,25.2331,-0.4415,-1.0556,-4.3137,-0.1333,2.0917,0.4719,3.5850,10.0790,6.1307,4.4248,4.4601,2.9008,2.6041,3.4339,2.0173,1
0.1229,847.5826,0.7263,0.1497,28.5060,4.4562,2.3013,-3.8809,-1.1111,2.4277,-2.0139,0.2555,9.7878,4.7850,2.3196,5.4349,4.2244,4.0081,3.4368,2.8387,1
0.0791,730.1458,0.7810,0.1034,36.0676,7.9695,3.8985,-1.7432,-2.0986,1.9327,2.3562,2.1982,6.9945,6.7812,4.7234,6.4851,4.6853,3.6028,3.4425,3.0111,1
0.1367,923.6535,0.7166,0.1552,27.0657,5.8817,-1.1412,-3.2269,4.0924,2.0994,-0.8890,-2.7798,8.1005,13.2229,6.4822,6.5691,5.1742,5.1701,4.0768,3.9655,1
0.1392,897.8234,0.7143,0.1133,27.7148,-5.9543,-1.3060,-0.2373,5.8996,6.7260,4.3051,-2.9278,5.4713,7.0543,9.0896,4.9632,4.9379,5.1843,4.7068,4.4554,1
0.0979,731.3572,0.7811,0.0994,35.4802,5.7029,0.6241,-1.1235,-2.7330,2.0548,4.3081,2.9879,10.9577,4.7822,5.4826,5.3402,5.3594,4.4391,2.4757,2.3829,1
0.1366,1004.5452,0.7013,0.2056,26.1994,17.4044,-0.3107,-0.4059,-1.6810,0.3458,2.4280,-1.5721,11.7870,6.8423,4.7799,2.1000,5.7997,3.1421,2.0035,2.5219,1
0.0735,689.9734,0.7734,0.0931,34.0110,5.2261,1.2009,1.5216,-0.1219,1.0247,1.4935,2.5055,6.2102,8.2390,3.9179,5.3246,3.5453,2.9285,3.4618,2.6159,1
0.1346,869.2057,0.7429,0.1413,30.3089,7.0153,-3.3029,-3.1971,0.5869,0.9425,4.2978,0.5790,12.3668,11.1163,8.2714,4.0522,3.4492,4.7387,2.4701,2.7954,1
0.0941,735.5462,0.7615,0.1042,32.2985,4.9439,4.7271,-2.3940,-2.2454,2.5952,2.4070,0.2955,7.5389,5.5280,2.7742,2.8873,2.5407,4.6013,4.1823,2.9709,1
0.0997,862.9158,0.7178,0.1742,24.1083,6.8587,1.6434,1.4003,3.6565,2.8812,0.0221,-0.0131,12.1810,3.6661,3.7747,3.0818,3.2343,2.0012,2.1195,2.2792,1
0.1216,876.2810,0.7345,0.1801,27.5976,17.4640,4.1297,0.1208,1.8549,1.9387,0.4931,-0.4408,11.9023,9.2920,2.8297,4.6917,4.0347,4.4942,3.3939,3.3751,1
0.1115,833.8540,0.7317,0.1302,29.7550,6.5515,0.9321,0.6661,-1.6982,2.0022,0.9213,-1.7536,7.4341,12.4890,3.7613,5.8448,4.1839,3.9237,3.6745,4.3859,1
0.1218,864.5415,0.7179,0.1380,29.8608,2.6655,2.5260,0.1231,0.6058,3.7064,0.0270,0.0624,12.7917,8.2452,6.0372,3.9198,5.0265,4.0306,3.1446,4.6790,1
0.0869,688.6409,0.7866,0.0794,38.6415,2.3342,0.2848,2.1116,0.0693,3.2813,0.6884,-0.9790,7.6175,9.3540,6.5041,2.7908,5.7286,3.6138,4.8062,3.0730,1
0.1760,1013.4504,0.7016,0.1916,29.5871,9.3519,-4.4138,4.8991,2.4836,1.0467,2.3577,-0.1342,17.9935,7.2066,7.7031,4.3168,4.1268,4.1038,3.4197,2.5276,1
0.0783,735.4360,0.7804,0.1187,33.8003,9.4949,-0.3518,2.5612,3.5871,0.7235,5.2312,0.3002,10.5986,9.0553,5.9319,4.7062,2.7082,3.5705,4.5775,3.1402,1
0.2583,1296.6008,0.5449,0.2901,12.9663,5.9400,0.4910,-0.3984,2.9592,1.3261,-1.6213,-0.4212,13.0725,12.5433,6.0169,7.4206,4.0787,3.8069,4.2252,2.0312,1
0.1144,876.5317,0.7460,0.1728,30.8943,14.2684,0.5536,-2.1210,-0.1763,-0.8557,1.5588,0.5524,16.3373,12.0434,5.2226,5.6515,5.6056,3.6661,3.2070,3.1808,1
0.2030,1164.1481,0.6397,0.2483,22.4999,11.2093,-2.7440,1.1619,4.6479,0.9263,-0.4306,0.8391,11.8143,9.2221,7.8718,7.0130,4.8708,4.2299,3.9324,2.2643,1
0.1241,755.5728,0.7494,0.1035,33.6198,3.3889,-0.8851,1.3955,0.0970,-2.5747,0.3067,3.4851,4.6807,6.7550,7.9100,3.2205,4.8094,3.7517,2.5998,2.9239,1
0.2050,1230.6754,0.5928,0.2688,16.5882,8.7147,-1.9140,-2.6179,-2.1041,-0.6745,-0.8027,0.6600,9.0676,9.2632,2.9073,4.1889,5.2960,3.6660,4.6147,3.5898,1
0.1312,947.0271,0.6946,0.1852,23.8777,10.8349,2.8040,-2.3379,-2.4704,2.9047,1.5233,-0.1462,10.9606,5.6951,5.9776,3.5657,6.8720,2.7521,3.6824,2.6164,1
0.0871,685.3973,0.7859,0.0875,33.6862,3.5765,5.0013,-2.3793,-2.3699,1.5600,2.3133,-3.6850,4.9932,7.8527,4.5591,4.4248,2.6858,3.0843,3.3722,3.3261,1
0.1370,877.1113,0.7386,0.1619,30.6405,12.4287,2.7911,-6.4360,-1.3475,0.5413,-1.4157,-1.0871,14.3363,4.9428,6.0216,5.1682,3.9655,4.5102,2.7848,3.4659,1
0.0929,742.2941,0.7920,0.1219,34.5302,13.8192,-0.6656,-0.0337,-0.4560,-1.4562,-2.2151,0.7281,10.3114,4.4104,5.1517,2.9916,2.7888,4.0730,2.5780,2.1748,1
0.0994,809.5899,0.7625,0.1396,31.7626,11.9194,0.3201,-0.0602,2.7343,2.9691,-1.3072,-0.1417,10.1175,6.9769,4.0761,3.9386,3.7882,3.2254,3.9039,2.3940,1
0.0881,690.3070,0.7987,0.1042,35.3521,10.9405,4.1471,-0.3975,-2.5733,0.5951,-0.8567,-0.3395,8.1554,4.8020,3.8213,4.2871,3.4979,2.7364,3.1550,2.2148,1
0.1036,719.8878,0.8083,0.0919,37.8826,8.1049,-2.5410,-3.1602,1.5909,1.0397,3.1439,-1.0360,8.0691,14.4944,4.7878,4.7414,4.8492,6.1826,4.1059,3.9751,1
0.0745,675.1791,0.8068,0.1028,36.6107,13.6545,5.7802,-1.8851,-1.4968,-0.1306,-2.1237,0.7925,10.9997,5.3301,4.5926,4.1923,2.4538,4.3395,3.2302,2.4662,1
0.1591,1041.5208,0.6402,0.2209,19.1930,8.6478,2.9740,-0.2804,-0.0761,2.5536,-0.9704,1.3858,9.7976,6.0003,4.3415,3.1856,2.7296,2.3131,2.4108,2.3202,1
0.0722,704.7643,0.7817,0.1057,32.7848,9.8515,2.9122,0.3074,-0.7840,2.5312,0.0330,0.3041,8.6810,5.9531,4.0459,3.5808,3.4683,2.9792,2.9142,2.2072,1
0.0678,670.5642,0.8119,0.0839,39.7616,9.4692,0.6282,-1.8631,-1.4351,1.4503,2.2329,2.2533,6.3907,6.9982,5.6690,4.0314,3.2404,3.4575,3.1720,2.6495,1
0.1066,763.6429,0.7674,0.0797,39.6761,-0.4238,-2.5251,-1.8590,-1.3033,4.6364,3.7491,0.5724,8.4918,6.9795,5.7072,4.7407,4.1849,3.5231,4.9817,3.6114,1
0.0905,705.6232,0.7892,0.1107,34.7473,12.4008,5.2904,-1.2472,-2.0790,-0.7659,1.0702,0.4573,11.4122,6.9080,4.8645,4.7749,2.7240,2.7990,3.6055,2.8938,1
0.1197,825.9514,0.7249,0.1068,33.9923,-0.3069,-1.8992,2.7006,1.2496,1.3457,1.0058,0.8345,10.4759,10.9136,4.8468,4.0704,4.5981,2.8240,3.0433,3.7589,1
0.1018,746.6935,0.7725,0.0939,34.4259,2.1051,1.1405,0.2143,-1.6185,5.1171,3.3490,0.4827,6.7274,7.7788,5.0239,3.8994,5.2358,3.6395,3.6264,2.5872,1
0.0885,757.6871,0.7476,0.0960,32.9554,1.0110,-0.3469,2.2394,1.8221,4.1342,6.6637,2.2184,6.2086,10.5203,5.7339,5.5408,4.5059,3.7818,3.5268,2.8638,1
0.1158,842.6430,0.7557,0.1407,32.3185,7.9064,-6.0564,-0.5103,6.7963,0.3543,3.4257,0.1024,13.2205,11.0638,9.3909,6.1869,5.3239,3.7390,3.3624,2.9861,1
0.0838,691.6894,0.7987,0.0780,38.8926,2.0599,-0.7714,-2.1095,2.3807,4.7119,1.6292,2.3235,6.0223,7.9875,8.0747,6.2999,4.3825,2.8562,4.9778,2.4465,1
